업종(대),업종(중),브랜드,상호,가맹사업 개시일,가맹사업 년수
,교육_교과,평균,-,-,10년  3개월
,,해법공부방,(주)해법에듀,2001-11-01,19년  1개월
,,셀파수학교실,(주)해법에듀,2010-07-29,10년  5개월
,,셀파우등생교실,(주)해법에듀,2011-10-15,9년  2개월
,,한솔플러스수학교실,(주)한솔플러스,2008-04-29,12년  8개월
,,아이북랜드,(주)성원아이북랜드,2000-03-21,20년  9개월
,,기탄사고력교실,(주)기탄러닝,2016-09-05,4년  3개월
,,엠베스트SE,메가스터디교육(주),2016-11-25,4년  1개월
,,수학여우,(주)모든교육,2019-07-29,1년  5개월
,,비상아이비츠,(주)비상교육,2008-10-01,12년  2개월
,,조이매스,(주)조이매스,2004-09-01,16년  3개월
,,이씨엔교육,(주)이씨엔교육,2014-10-03,6년  2개월
,,장원교육,(주)장원교육,1998-04-01,22년  8개월
,,공터영어,(주)공터영어,2016-01-11,4년  11개월
,,위니드수학학원,위니드교육,2017-06-01,3년  6개월
,,소마사고력수학,(주)타임교육,2009-07-26,11년  5개월
,,유투엠(U2M),(주)올림피아드교육,2013-12-02,7년  0개월
,,와이즈만영재교육,(주)창의와탐구,2002-04-01,18년  8개월
,,강의하는아이들,(주)오투라인,2013-09-10,7년  3개월
,,뉴스터디교육,(주)타임교육,1998-03-01,22년  9개월
,,종로학원하늘교육 학원/센터,(주)하늘교육,1999-11-01,21년  1개월
,,아카데미창,(주)아카데미창,2015-01-15,5년  11개월
,,이투스수학학원,이투스이씨아이(주),2016-11-15,4년  1개월
,,생각하는수학페르마,(주)대교에듀피아,2003-12-01,17년  0개월
,,종로엠스쿨,(주)교육다움,1997-09-01,23년  3개월
,,점프셈교실(공부방),(주)점프교육,2004-07-01,16년  5개월
,,G1230 수학학원,(주)G1230FC,2010-11-05,10년  1개월
,,이투스24/7,이투스이씨아이(주),2015-12-31,5년  0개월
,,점프셈교실(지역본부),(주)점프교육,2004-07-01,16년  5개월
,,아담리즈수학,(주)미래엔에듀케어,2007-04-01,13년  8개월
,,씨앤에이논술,(주)씨앤에이논술,2010-07-01,10년  5개월
,,김샘학원,(주)김샘교육,2010-05-17,10년  7개월
,,클래스케이(CLASSkei),(주)클래스케이,2015-12-01,5년  0개월
,,필아트미술,(주)필아트에듀,2017-12-18,3년  0개월
,,거꾸로수업플립수학,(주)오투라인,2015-07-15,5년  5개월
,,점프셈교실(방문지사),(주)점프교육,2004-07-01,16년  5개월
,,닥터정E클래스,올바른창조(주),2010-12-06,10년  0개월
,,생각하는황소,(주)반올림교육,2016-02-01,4년  10개월
,,한솔교육국어수학지사,(주)한솔교육,2001-01-02,19년  11개월
,,종로학원,(주)종로학원,2004-10-30,16년  2개월
,,하이스트학원,(주)타임교육,2013-06-23,7년  6개월
,,책읽기와 글쓰기 리딩엠,(주)리딩엠,2010-12-01,10년  0개월
,,TG교육그룹,(주)잇올,2015-12-29,5년  0개월
,,발자국 소리가 큰아이들,발자국소리가큰아이들미술학원,2014-10-01,6년  2개월
,,ICE 고려대학교 창의융합교육 프로그램,케이유네트웍스(주),2020-04-25,0년  8개월
,,창의사고의 명품 하이츠,(주)데우스홀딩스,2006-12-13,14년  0개월
,,수학의힘,(주)피오엠교육,2018-05-01,2년  7개월
,,점프셈교실(학원),(주)점프교육,2004-07-01,16년  5개월
,,공부와책,(주)행복한교육이야기,2019-05-01,1년  7개월
,,북벅스,큐비컴파니,2019-08-28,1년  4개월
,,재능스스로러닝센터,(주)재능교육,2013-02-07,7년  10개월
,,톡강 멤버스,(주)인디지탈,--,0년  0개월
,,밤비니교육센터,(주)밤비니교육센터,2003-06-01,17년  6개월
,,필즈더클래식,(주)매쓰러닝,--,0년  0개월
,,분더잉글리쉬,분더잉글리쉬학원,2017-11-01,3년  1개월
,,케이튜터수학학원,(주)케이수학,2017-04-03,3년  8개월
,,분더수학,분더수학,2015-12-16,5년  0개월
,,꼬마작가들의 감성놀이터,꼬마작가들의감성놀이터미술교습소,--,0년  0개월
,,어울놀이아카데미앤플레이,(주)어울놀이아카데미앤플레이,--,0년  0개월
,,SJM 선재수학학원,(주)선재교육,2019-09-01,1년  3개월
,,튜터피디아(TUTORPEDIA),(주)에듀뮤즈,--,0년  0개월
,,미래지티아카데미,(주)미래영재아카데미,2009-12-28,11년  0개월
,,큐리매쓰,(주)마일스톤,--,0년  0개월
,,기파랑문해원,(주)국풀교육,--,0년  0개월
,,지엠에이(GMA)개념원리러닝센터,(주)개념원리에듀,2008-12-20,12년  0개월
,,차수학,(주)세븐앤컴퍼니,2013-10-28,7년  2개월
,,아이생각,비고츠키아이생각,--,0년  0개월
,,독해랑창의랑,(주)메타스콜레,--,0년  0개월
,,밸런스브레인학습,(주)편두리,2017-06-01,3년  6개월
,,국풀국어전문학원,(주)국풀교육,2018-07-14,2년  5개월
,,역전타에듀학원,이루다교육,--,0년  0개월
,,씨네틱씽크,(주)매쓰씨앤아이,--,0년  0개월
,교육_외국어,평균,-,-,9년  4개월
,,해법영어교실,(주)해법에듀,2007-03-12,13년  9개월
,,뮤엠영어,(주)뮤엠교육,2011-11-11,9년  1개월
,,삼성영어,(주)삼성출판사,2007-07-01,13년  5개월
,,잉글리시아이(englisheye),(주)비상교육,2014-12-07,6년  0개월
,,3030영어,(주)3030영어,2014-01-15,6년  11개월
,,한솔플러스영어,(주)한솔플러스,2017-04-01,3년  8개월
,,YBM리딩클럽,(주)와이비엠교육,2007-06-08,13년  6개월
,,윤선생 우리집앞 영어교실,(주)마일스톤,2015-09-01,5년  3개월
,,해법중국어교실,(주)해법에듀,2009-01-01,11년  11개월
,,지앤비어학원(GnB어학원),지앤비교육(주),2000-10-01,20년  2개월
,,NE능률 주니어랩,(주)엔이능률,2003-10-01,17년  2개월
,,로제타스톤,로제타스톤코리아(유),2012-11-01,8년  1개월
,,YBM홈스쿨,(주)와이비엠교육,2007-08-01,13년  4개월
,,토킹스타,(주)와이젠스쿨,2015-03-04,5년  9개월
,,"초,중등 영어전문 YBM잉글루",(주)와이비엠넷,2007-10-20,13년  2개월
,,와이비엠리더스(YBM리더스),(주)와이비엠넷,2017-11-01,3년  1개월
,,윤선생영어숲,(주)이이씨엘리트,2009-01-01,11년  11개월
,,잉글리쉬무무,(주)잉글리쉬무무,2005-05-02,15년  7개월
,,윤선생영어교실,(주)이이씨엘리트,1995-12-01,25년  0개월
,,윤선생아이지에스이아카데미(윤선생 IGSE Academy),(주)이이씨엘리트,2017-12-01,3년  0개월
,,웰이스턴,(주)마이멘토,2015-10-14,5년  2개월
,,차이랑중국어,(주)파고다에스씨에스,2017-01-18,3년  11개월
,,패럴랙스학원,지앤비교육(주),2019-09-01,1년  3개월
,,이아이이(EiE) 고려대학교 국제어학원 영어교육 프로그램,(주)코리아이앤피,2013-07-01,7년  5개월
,,토킹클럽,(주)더블유에프엠,2004-06-01,16년  6개월
,,라하잉글리시,(주)루크러닝,2018-12-01,2년  0개월
,,에이프릴어학원,(주)청담러닝,2007-06-01,13년  6개월
,,씬씬중국어학원,지앤비교육(주),2014-03-01,6년  9개월
,,ERC영어독서클럽,(주)스토리에듀,2017-01-10,3년  11개월
,,클루빌러닝센터,(주)청담러닝,2012-10-15,8년  2개월
,,청담어학원,(주)청담러닝,2005-02-01,15년  10개월
,,아발론잉글리쉬,(주)아발론교육,2007-03-02,13년  9개월
,,이씨씨(ECC),(주)와이비엠넷,1993-03-02,27년  9개월
,,JLS정상어학원,(주)정상제이엘에스,2008-12-22,12년  0개월
,,리틀팍스어학원,(주)리틀팍스,2003-01-01,17년  11개월
,,에스엘피영어학당,(주)서강교육그룹,1995-02-20,25년  10개월
,,랭콘잉글리쉬,(주)아발론교육,2009-08-31,11년  4개월
,,헤럴드NIE,(주)헤럴드아카데미,2007-12-01,13년  0개월
,,S&Writing,(주)G1230FC,2011-02-11,9년  10개월
,,루시드영어,㈜루시드,2017-12-12,3년  0개월
,,폴리어학원,(주)코리아폴리스쿨,2002-02-01,18년  10개월
,,잉글리시에그,(주)잉글리시에그,2009-12-21,11년  0개월
,,루체테어학원,잉글리쉬윙(주),2015-07-03,5년  5개월
,,와이즈리더,(주)원윤,2011-09-29,9년  3개월
,,아이티씨통역스쿨,(주)아이티씨교육,2012-07-01,8년  5개월
,,유앤아이(YOU&I) 어학원,(주)위즈에듀케이션,2009-09-01,11년  3개월
,,센트럴1 리딩클럽,(주)센클교육,2009-04-20,11년  8개월
,,리드101,(주)리드엔,2009-11-12,11년  1개월
,,아이보람,아이보람(주),2009-06-01,11년  6개월
,,에프티케이잉글리쉬(FTK English),(주)맥스교육,2012-01-15,8년  11개월
,,토마스잉글리시,중앙지엔이(주),2011-03-24,9년  9개월
,,캉가잉글리쉬,(주)엘포트,2018-06-13,2년  6개월
,,팬그램,(주)러닝앤코,2016-01-06,4년  11개월
,,YBM교육 학습지지사,(주)와이비엠교육,2010-10-01,10년  2개월
,,라이즈어학원,(주)라이즈에듀케이션코리아,2018-03-05,2년  9개월
,,토피아어학원,토피아에듀케이션(주),2002-05-21,18년  7개월
,,리딩타운어학원,(주)리딩월드,2002-12-01,18년  0개월
,,표현어학원,표현러닝,2011-08-29,9년  4개월
,,한솔교육영어지사,(주)한솔교육,2001-01-02,19년  11개월
,,잉디사고력영어,잉디에듀케이션,2017-07-16,3년  5개월
,,유니랭스,유니랭스,2009-01-05,11년  11개월
,,MILC Learning(밀크러닝),(주)리딩타운,2020-04-28,0년  8개월
,,이엘씨어학원(ELC어학원),(주)타임교육,2008-07-01,12년  5개월
,,청담아이가르텐,(주)청담러닝,2015-09-01,5년  3개월
,,메이플베어,(주)메이플베어코리아,2015-06-25,5년  6개월
,,CL어학원,(주)유베스타,2017-12-13,3년  0개월
,,헤럴드스쿨,(주)헤럴드아카데미,2000-08-01,20년  4개월
,,민병철스피킹웍스,(주)민병철스피킹웍스,1992-08-31,28년  4개월
,,고래영어,새김교육(주),2020-11-23,0년  1개월
,,리마커블 잉글리시,(주)리마커블교육,2019-10-31,1년  2개월
,,원더랜드,퀘스트아카데미(주),2009-06-01,11년  6개월
,,리딩스타학원,리딩스타(주),2013-11-19,7년  1개월
,,파고다주니어,(주)파고다에스씨에스,2001-03-05,19년  9개월
,,엠폴리어학원,(주)코리아폴리스쿨,2012-08-28,8년  4개월
,,이노블스(enovels),(주)이노블스,2018-11-20,2년  1개월
,,아이비탑리딩,(주)아탑교육,2016-07-09,4년  5개월
,,프랜시스파커컬리지잇,(주)교원위즈,2015-06-30,5년  6개월
,,헤더잉글리쉬,(주)헤럴드아카데미,2009-07-01,11년  5개월
,,헬렌도론(Helen Doron),헬렌도론코리아(주),2019-03-04,1년  9개월
,,CIE 어학원(씨아이이어학원),어세스먼트코리아,2019-03-04,1년  9개월
,,이야스콜라,(주)이야에듀,2019-05-02,1년  7개월
,,글로링크어학원,(주)글로링크에듀케이션,2012-04-02,8년  8개월
,,오감랭귀지,오감에듀,2019-10-31,1년  2개월
,,3030키즈,(주)3030영어,2011-05-07,9년  7개월
,,드림키오,(주)드림키오,2018-04-25,2년  8개월
,,블루스프링스 어학원,(주)블루스프링스,2015-01-01,5년  11개월
,,페디아플러스,(주)인터파크씨엔이,2012-09-07,8년  3개월
,,아토리,(주)삼성교육,2018-08-17,2년  4개월
,,쉐인어학원,쉐인어학원,2016-10-04,4년  2개월
,,프라이드J어학원,(주)프라이드에듀,2019-04-01,1년  8개월
,,플라이 잉글리쉬(FLY English),(주)야미교육,2020-03-27,0년  9개월
,,토브,(주)토브구문정독어학원,2018-12-12,2년  0개월
,,힐사이드컬리지잇 주니어,(주)이야에듀,2019-05-13,1년  7개월
,,맘스영어독서클럽,(주)맘스영어독서클럽,2018-09-01,2년  3개월
,,정철어학원,정철연구소,2011-03-16,9년  9개월
,,프렌잉글리시,(주)개념원리에듀,--,0년  0개월
,,JSLC,제이에스러닝,2020-08-01,0년  4개월
,,큰소리영어,(주)큰소리영어,2013-10-08,7년  2개월
,,헤이스쿨스,필랜드에듀(주),2019-01-10,1년  11개월
,,튼튼영어마스터클럽,(주)튼튼영어,2010-07-01,10년  5개월
,,키즈엔리딩,키즈엔리딩,2016-06-15,4년  6개월
,,코렘어학원,(주)코렘에듀,2004-01-01,16년  11개월
,,제임스리딩,제임스영어교육,2015-08-03,5년  4개월
,,에스엔티어학원(SNT어학원),쇼앤텔교육,2008-04-01,12년  8개월
,,정철어학원주니어,(주)정철어학원주니어,1995-10-01,25년  2개월
,,리딩리더 아카데미,(주)리딩리더,--,0년  0개월
,,엘란어학원,(주)타임교육,--,0년  0개월
,,한국외국어대학교 외대어학원,(주)외대어학연구소,2003-08-05,17년  4개월
,,튼튼영어베이비리그,(주)튼튼영어,2013-04-29,7년  8개월
,,블루플래닛,(주)블루플래닛,--,0년  0개월
,교육_기타,평균,-,-,7년  2개월
,,한우리독서토론논술,(주)한우리열린교육,1998-05-01,22년  7개월
,,아트앤하트,(주)아트앤하트글로벌,2006-07-22,14년  5개월
,,토즈 스터디센터,(주)피투피시스템즈,2012-01-05,8년  11개월
,,제3교실,(주)화신이앤엘,2007-11-10,13년  1개월
,,어린음악대,주은교육(주),2010-01-02,10년  11개월
,,엠티에이(MTA),(주)엠티에이태권도,2013-02-02,7년  10개월
,,시매쓰,(주)오메가포인트,2002-07-24,18년  5개월
,,홍익아트,(주)홍익아트,2005-07-01,15년  5개월
,,에듀플렉스,넥스큐브코퍼레이션(주),2004-01-01,16년  11개월
,,머리에그리는홍선생미술,(주)홍선생교육,2002-05-13,18년  7개월
,,에듀코치,넥스큐브코퍼레이션(주),2011-09-01,9년  3개월
,,영렘브란트,(주)아트크레오,2007-02-21,13년  10개월
,,뮤직뮤직,뮤직뮤직,2012-06-14,8년  6개월
,,아이지미술,(주)한국방송영재교육원,2003-06-21,17년  6개월
,,아트모마,에스투(주),2015-09-01,5년  3개월
,,책나무,책나무,2010-07-01,10년  5개월
,,어린화가들,주은교육(주),2015-05-01,5년  7개월
,,한국치매예방협회,(주)한국치매예방협회,2019-08-27,1년  4개월
,,리브로아르츠,리브로아르츠,2015-07-20,5년  5개월
,,샘앤클래스(Sam&Class),(주)오르다코리아,2014-11-28,6년  1개월
,,루트원,(주)오메가포인트,2013-12-01,7년  0개월
,,아랑고고장구,(주)아랑,2017-07-22,3년  5개월
,,요미요미(YOMIyomi),(주)요미요미,2014-02-06,6년  10개월
,,브레인스쿨,(주)한솔교육,2003-09-01,17년  3개월
,,플래뮤아트센터,(주)플래뮤,2010-04-01,10년  8개월
,,디플레이스(DPLACE),(주)디플레이스,2017-07-21,3년  5개월
,,위드피아노,위드피아노(주),2017-09-25,3년  3개월
,,아이꼬모 디자인미술,도서출판goodbook(굿북),2016-03-25,4년  9개월
,,코앤코뮤직,(주)코앤코,2004-03-02,16년  9개월
,,자라다남아미술학원,(주)자라다교육,2010-08-20,10년  4개월
,,조이스감성미술학원,조이스감성미술학원,2014-09-01,6년  3개월
,,시작라이브러리,(주)스탠다드메이커,2016-11-14,4년  1개월
,,와이키즈,(주)창의와탐구,2011-09-01,9년  3개월
,,샘앤플레이스(Sam&Place),(주)오르다코리아,2014-12-15,6년  0개월
,,박선생 창의역사지리교실,박선생창의역사지리교실(주),2006-09-07,14년  3개월
,,관리형프리미엄독서실잇올,(주)잇올,2017-04-10,3년  8개월
,,타우요가,(주)타우요가,2017-03-16,3년  9개월
,,알티오라,(주)러닝앤코,2018-01-24,2년  11개월
,,블럭파티plus,(주)골든스트릿,2014-11-05,6년  1개월
,,크리아트,(주)크리아트,2013-03-13,7년  9개월
,,홍앤아트,(주)홍익비젼미술,2009-03-01,11년  9개월
,,포인트정석속독,(주)피알에스창의독서개발원,2005-12-07,15년  0개월
,,그린섬미술학원,(주)그린섬,2007-02-01,13년  10개월
,,쿤스트(Kunst),(주)쿤스트,2011-12-02,9년  0개월
,,마마몽떼(Mamamonte),마마몽떼(주),2018-02-26,2년  10개월
,,아뜰리에뷰티아카데미,(주)비즈통상,2010-11-20,10년  1개월
,,mbc아카데미뷰티학원,(주)뷰티르샤,2003-06-13,17년  6개월
,,키즈스피치마루지,(주)에스앤브이,2012-04-05,8년  8개월
,,브레인아트,브레인아트,2012-02-01,8년  10개월
,,케이에이지이영재심화교실,한국영재교육학술원(주),1995-01-11,25년  11개월
,,밸런스브레인,(주)편두리,2012-09-20,8년  3개월
,,딩딩딩뮤직스쿨,(주)코앤코,2017-11-16,3년  1개월
,,스콜라 몬테소리,(주)스콜라몬테소리,2016-11-28,4년  1개월
,,위버지니어스,(주)미래엔에듀케어,2007-04-01,13년  8개월
,,뮤앤무오르프,(주)뮤앤무,2009-11-03,11년  1개월
,,스콜라 몬테소리,(주)스콜라몬테소리,2016-11-28,4년  1개월
,,한솔교육플라톤지사,(주)한솔교육,2001-01-02,19년  11개월
,,한솔교육한글지사,(주)한솔교육,2001-01-02,19년  11개월
,,오르피아,(주)뮤앤무,2017-01-10,3년  11개월
,,프리미어 뮤직(Premier Music),(주)프리미어에듀케이션,2018-01-02,2년  11개월
,,승리마루태권도,승리마루태권도장,2015-12-01,5년  0개월
,,케이에이지이영재교육학술원연구실,한국영재교육학술원(주),1996-07-01,24년  5개월
,,아트파이브,(주)아트체어,2010-05-07,10년  7개월
,,헬렌의마르세이유,(주)헬렌앤제이,2018-11-01,2년  1개월
,,지트,(주)지트에듀텍엔드네트워크,2010-05-17,10년  7개월
,,소리노리(SORINORI),(주)소리노리,2018-08-20,2년  4개월
,,분더바움,분더교육,2011-05-30,9년  7개월
,,이루미독서논술,(주)이루미에듀테크,2003-11-18,17년  1개월
,,그린컴퓨터아트학원,(주)지아이티아카데미,2010-07-20,10년  5개월
,,마이퍼스트뮤직,마이퍼스트뮤직,2013-10-31,7년  2개월
,,유피학습,(주)유피교육,2009-01-01,11년  11개월
,,탑코딩에듀,(주)에이치비(HB)네트워크,2018-02-01,2년  10개월
,,고수의 운전면허,(주)제이에프파트너스,2019-07-01,1년  5개월
,,주니퍼실용음악학원,(주)주니퍼아이엔씨,2005-02-15,15년  10개월
,,책읽는미술관,(주)책읽는미술관,2017-10-24,3년  2개월
,,하늘을나는그림책,(주)심정민융합교육연구소,2015-09-01,5년  3개월
,,아이디어트리,한국영재교육학술원(주),2014-10-01,6년  2개월
,,피아노리브레,(주)피아노리브레,2014-02-28,6년  10개월
,,포슬린페인팅Art스쿨(KPAS),포슬린페인팅아트(Art)스쿨,2009-08-01,11년  4개월
,,꽃이야 나무야,꽃이야나무야,2018-08-01,2년  4개월
,,집중소,(주)인힘,2018-05-09,2년  7개월
,,지니위니,지니위니,2009-01-03,11년  11개월
,,토즈스터디랩,(주)피투피시스템즈,2019-05-12,1년  7개월
,,키즈스피치예소스,키즈스피치예소스학원,2016-07-23,4년  5개월
,,마이퍼스트 오감놀이터,마이퍼스트뮤직,2018-08-16,2년  4개월
,,브레인나우(BRAINNOW),(주)스칸디에듀,2018-07-30,2년  5개월
,,플래뮤 아트 라이브러리,(주)플래뮤에듀랩,2018-02-05,2년  10개월
,,합격독서실,(주)라움코리아,2018-02-01,2년  10개월
,,도도아카데미,(주)소풍엔,2012-12-01,8년  0개월
,,아티스(Arty's),늘꿈아티스,2015-07-01,5년  5개월
,,153셀라음악학원,셀라2음악학원,2018-03-25,2년  9개월
,,아이잼,(주)아이잼,2005-10-27,15년  2개월
,,나나스피치,나나에듀,2017-09-10,3년  3개월
,,렌쥴리킨더,(주)렌쥴리에듀테인먼트,2017-01-06,3년  11개월
,,쥬트아뜰리에,수리앤코(주),2017-02-01,3년  10개월
,,플레이코딩아카데미(PCA),(주)플레이코딩아카데미,2017-06-01,3년  6개월
,,작업실(Zacup실),윌비아트앤매니지먼트(주),2015-04-01,5년  8개월
,,패스트랙키즈(FasTracKids),(주)맥스교육,2013-01-30,7년  11개월
,,KBS아트비전 미용학원,(주)케이비아트,2017-02-01,3년  10개월
,,씽씽놀이터,씽씽놀이터,2017-04-25,3년  8개월
,,로봇과학클럽,한국로봇과학교육협동조합,2015-12-01,5년  0개월
,,맛있는스피치,아나운서(주),2013-01-31,7년  11개월
,,블루닷라운지,(주)크리플레이,2019-04-01,1년  8개월
,,노블리즈 뷰티아카데미,(주)와이즈뷰티테인먼트,2017-04-20,3년  8개월
,,6센스플러스,6센스플러스,2016-03-02,4년  9개월
,,버터비(Butterbe),버터비베이킹스튜디오,2019-04-25,1년  8개월
,,미미살롱,미미살롱,2017-11-11,3년  1개월
,,마스터플랜,(주)놀숲,2019-12-06,1년  0개월
,,쿠겔,쿠겔호르트,2014-01-01,6년  11개월
,,키키공방,(주)다솔코리아,2019-11-06,1년  1개월
,,가치인 독서논술&디베이트,가치인독서논술&디베이트,2019-12-05,1년  0개월
,,워너비뷰티아카데미,(주)워너비코퍼레이션,2018-09-01,2년  3개월
,,쁘리몬테,(주)스콜라몬테소리,2019-02-25,1년  10개월
,,쁘리몬테,(주)스콜라몬테소리,2019-02-25,1년  10개월
,,책과그림숲,책과그림숲,2014-06-01,6년  6개월
,,에프2엠지글로벌뷰티아카데미(F2MG글로벌뷰티아카데미),(주)에프2엠지글로벌뷰티아카데미,2017-11-01,3년  1개월
,,베베구쯔몬테소리,베베구쯔(주),2019-10-25,1년  2개월
,,킨더슐레,(주)프렌비,2011-11-10,9년  1개월
,,에이원민턴,(주)에이원민턴,2019-09-30,1년  3개월
,,소소한날,소소한날소잉스튜디오,2019-05-03,1년  7개월
,,MAZA,(주)맨투맨키즈,2007-12-26,13년  0개월
,,CMP역량교육센터,(주)창의와날개,2020-04-22,0년  8개월
,,지니어스 뮤직 코리아,지니어스피아노(GeniusPiano),2019-09-02,1년  3개월
,,지니어스 뮤직 코리아,지니어스피아노(GeniusPiano),2019-09-02,1년  3개월
,,스칸디오감,(주)프렌즈에듀,2019-08-15,1년  4개월
,,스텔라요가 & 필라테스,도안스텔라요가&필라테스,2017-08-07,3년  4개월
,,코딩놀자,더캠트사업본부,2017-12-15,3년  0개월
,,지니어스 뮤직 코리아,지니어스피아노(GeniusPiano),2019-09-02,1년  3개월
,,그림아트스튜디오,(주)그림아트스튜디오,2019-04-30,1년  8개월
,,순옥포슬린아트아카데미,SOONOK포슬린아트아카데미,2012-01-26,8년  11개월
,,분더논학(논술학습코칭),분더논학(논술학습코칭),--,0년  0개월
,,531훈민정음武,열린교육사,2015-10-19,5년  2개월
,,6센스 뮤지컬학원,6센스뮤지컬학원,--,0년  0개월
,,영재오운동발달센터,(주)임서영영재교육연구소,--,0년  0개월
,,아카데미 디아랑,대유코퍼레이션,--,0년  0개월
,,써브마린,써브마린,2018-06-01,2년  6개월
,,생글인문학당,(주)생글교육,--,0년  0개월
,,리스펙 채대입시,(주)투에스,--,0년  0개월
,,영재들의미술상자,(주)베라,2004-04-01,16년  8개월
,,감성실용음악학원,(주)이씨아이,2014-05-01,6년  7개월
,,수빈아카데미,(주)수빈아카데미,2003-02-17,17년  10개월
,,지니코드,지니코드,2017-09-20,3년  3개월
,,위드피아레트,위드피아노(주),2017-09-25,3년  3개월
,,친구야 미술,친구야미술,--,0년  0개월
,,온맘터치 교육원,온맘터치협동조합,--,0년  0개월
,,쁘리몽,(주)스콜라몬테소리,--,0년  0개월
,,렛츠어스,미래인재교육협동조합,--,0년  0개월
,,메타바둑학원,(주)지앤비에듀,--,0년  0개월
,,지니포레,(주)뫼비우스,2014-11-01,6년  1개월
,,씨엠에스(CMS),(주)씨엠에스에듀,2006-05-08,14년  7개월
,,키즈재미,(주)채움플러스교육,2018-02-01,2년  10개월
,,예숨,파랑새협동조합경기공예예술터,2016-04-21,4년  8개월
,,키즈스피치엠비씨키치,(주)엠비씨아카데미,2020-05-07,0년  7개월
,,아이슐레,(주)뫼비우스,2015-01-02,5년  11개월
,,딸기아트센터,(주)딸기아트센터,2011-01-01,9년  11개월
,,코딩앤플레이,(주)코딩앤플레이,2017-02-09,3년  10개월
,,아소비,(주)아소비교육,2008-07-14,12년  5개월
,,유니팝,유니팝미술학원,2015-03-01,5년  9개월
,,아름다운사람들,(주)에이치앤에스이노베이션,1998-01-01,22년  11개월
,,어린이천문대,(주)아스트로캠프,2009-12-11,11년  0개월
,,호키태권도,호키태권도(주),2017-08-31,3년  4개월
,,초록배낭 교육여행,(주)초록배낭,2011-02-22,9년  10개월
,,엘파스,엘파스놀이학원,2017-09-12,3년  3개월
,,뷰엠,뷰엠네일전문학원,--,0년  0개월
,,뷰엠,뷰엠네일전문학원,--,0년  0개월
,,도레미뮤직,키움교육,--,0년  0개월
,,브레노스 매쓰몽(BRENOS MATHMONG),수와북,2019-10-23,1년  2개월
,,아이키친,아이키친,2016-11-21,4년  1개월
,,솔뫼축구센터,에스에프씨교육지원센터,--,0년  0개월
,,비케이스터디카페,(주)비케이스터디카페,--,0년  0개월
,,아이튼에이스교육(AIGHTEN AIS EDU),"㈜아이튼(AIGHTENco.,LTD.)",--,0년  0개월
,,드럼메이트(DRUMMATE),드럼메이트,--,0년  0개월
,,키즈칼리지(KID'S COLLEGE),(주)키즈칼리지,2020-04-25,0년  8개월
,,루켄(LOOKEN),루켄에듀플러스,2020-01-01,0년  11개월
,,아츠맘플레이,(주)제이앤디힐링뮤직,--,0년  0개월
,,디랩코딩,(주)디랩,--,0년  0개월
,,시너지플레이스,(주)도담에프앤비,2020-04-28,0년  8개월
,,잼실용음악학원,(주)잼실용음악학원,2020-01-06,0년  11개월
,,씨큐브코딩,(주)씨엠에스에듀,2019-09-01,1년  3개월
,,네모피아노네모오르프,(주)음악세계,--,0년  0개월
,,예스셈,예스스터디(주),2006-05-16,14년  7개월
,,씽크스퀘어,(주)씽크스퀘어,2006-12-01,14년  0개월
,,키즈 더 위즈,더위즈영재교육놀이학원,2017-10-01,3년  2개월
,,안정환에프씨,(주)안정환에프씨,2018-03-23,2년  9개월
,,히어로즈LAB,히어로즈랩,2019-08-06,1년  4개월
,,그린별미술,그린별미술,--,0년  0개월
,,파리아트마인,(주)파리아트마인,--,0년  0개월
,,방문미술그림샘,방문미술그림샘,2009-09-07,11년  3개월
,,효전글로벌평생교육원,(주)효전,2014-02-03,6년  10개월
,,토토빌,(주)토토빌키즈,2012-09-17,8년  3개월
,,밸런스워킹PT,밸런스워킹피티(PT)교육연구소,--,0년  0개월
,,이엠파워 근골격운동센터,(주)진스엠파워,2019-01-02,1년  11개월
,,필랜드 예술원,필랜드에듀(주),2018-12-27,2년  0개월
,,우지은더블유스피치,(주)더블유스피치커뮤니케이션,--,0년  0개월
,,비끄아트,(주)비끄아트연구소,--,0년  0개월
,,책먹는미술관,책먹는미술관미술학원,--,0년  0개월
,,마리뮤직홈스쿨,마리뮤직홈스쿨,2020-03-02,0년  9개월
,,힐링리듬댄스,힐링리듬댄스진흥원,--,0년  0개월
,,석세스뮤직(SUCCESS MUSIC),(주)에듀석세스,--,0년  0개월
,,난공불락스파르타,(주)위메스,--,0년  0개월
,교육외_유아,평균,-,-,8년  1개월
,,꼬마숲 어린이집,(주)꼬망세네트웍스,2009-11-01,11년  1개월
,,미술로생각하기,(주)빅토미술로생각하기,2003-02-01,17년  10개월
,,차일드유,(주)유베스타,2001-04-30,19년  8개월
,,트램폴린놀이방노리파크(NORIPARK),(주)다담에프엔에스,2013-06-06,7년  6개월
,,블럭팡,(주)더캠트사업본부,2016-07-06,4년  5개월
,,바퀴달린그림책,(주)바퀴달린그림책,2008-08-06,12년  4개월
,,상상블럭,(주)플레이타임그룹,2014-06-18,6년  6개월
,,블럭버스,(주)다솔코리아,2009-03-06,11년  9개월
,,타요키즈카페,(주)플레이스원,2013-04-24,7년  8개월
,,플레이타임,(주)플레이타임그룹,2001-03-12,19년  9개월
,,짐보리플레이앤뮤직,(주)짐월드,1993-02-01,27년  10개월
,,렘포레(Lamfore),렘포레인재개발연구소,2014-08-28,6년  4개월
,,오르다코리아,(주)오르다코리아,1994-12-01,26년  0개월
,,똑똑블럭,(주)플레이타임그룹,2014-06-18,6년  6개월
,,위즈아일랜드,(주)교원위즈,2003-12-01,17년  0개월
,,맘앤맘마,맘앤맘마,2016-09-19,4년  3개월
,,헬로밀가루,헬로밀가루본사,2017-05-10,3년  7개월
,,키즈스포츠클럽챔피언,(주)플레이타임그룹,2014-12-16,6년  0개월
,,애플트리,(주)플레이타임그룹,2007-09-13,13년  3개월
,,슈슈봉봉,(주)슈슈봉봉프렌즈,2016-07-18,4년  5개월
,,상상노리,(주)플레이타임그룹,2011-10-07,9년  2개월
,,상상스케치,(주)플레이타임그룹,2014-12-15,6년  0개월
,,큐리프리미엄키즈카페,(주)케이아이피엔터테인먼트,2019-04-04,1년  8개월
,,블럭앤퍼즐애플,(주)플레이타임그룹,2014-07-21,6년  5개월
,,모넬로(MONELLO),(주)다담에프엔에스,2017-10-10,3년  2개월
,,슈퍼윙스키즈카페,(주)키즈코리아,2017-07-06,3년  5개월
,,스위밍 키즈,유한회사스위밍키즈,2017-06-01,3년  6개월
,,베이비엔젤스,(주)플레이타임그룹,2013-08-01,7년  4개월
,,미니특공대테마파크,(주)큐브스튜디오,2017-11-23,3년  1개월
,,뽀로로파크,(주)뽀로로파크,2012-03-11,8년  9개월
,,구름빵 플레이타임,(주)플레이타임그룹,2013-08-01,7년  4개월
,,프레리 키즈카페,(주)루치아컴퍼니,2018-06-29,2년  6개월
,,노리 디지털키즈카페,(주)크리스피,2019-07-25,1년  5개월
,,원더볼즈 플레이파크,(주)원더브라더스(WonderBrothers),2015-06-24,5년  6개월
,,베스트키즈,(주)서울랜드,2016-12-10,4년  0개월
,,어울놀이,(주)빅맨,2019-07-01,1년  5개월
,,딸기가좋아,(주)미래엔에듀케어,2014-05-01,6년  7개월
,,키&주파크,(주)플루션,2019-06-05,1년  6개월
,,삐삐하우스,(주)다솔코리아,2009-03-06,11년  9개월
,,키즈사이언스,(주)플레이타임그룹,2005-09-08,15년  3개월
,,더가루,더가루,2016-09-02,4년  3개월
,,쁘띠몽드(PETITMONDE),아이조은(주),2018-08-30,2년  4개월
,,영재들의오후학교,(주)임서영영재교육연구소,--,0년  0개월
,,베베궁,(주)베베궁,2002-10-01,18년  2개월
,,시크릿쥬쥬&또봇 프리미엄키즈카페,(주)열린사람들,2017-12-01,3년  0개월
,,렌쥴리위즈,(주)렌쥴리에듀테인먼트,--,0년  0개월
,,와글아이,(주)아이들,--,0년  0개월
,,키즈카페 키즈몬,(주)케이앤엠파트너스,--,0년  0개월
,,콩순이키즈카페,(주)열린사람들,2020-07-13,0년  5개월
,,베베드클린,(주)베베드클린,--,0년  0개월
,,오감캐슬,해담교육,2013-12-31,7년  0개월
,,해피타임,(주)플레이타임그룹,2009-09-01,11년  3개월
,,베라키즈,(주)베라,2010-02-01,10년  10개월
,,The Swan(더스완),더스완(Theswan),--,0년  0개월
,,홈오감놀이 노리들노리쌤,노리노리,2018-12-15,2년  0개월
,부동산중개,평균,-,-,6년  10개월
,,리맥스,(주)리맥스코리아,2014-01-01,6년  11개월
,,센추리21,(주)센추리21코리아,2018-04-20,2년  8개월
,,엠브이피빌딩닷컴,엠브이피빌딩중개프랜차이즈(주),2009-12-01,11년  0개월
,,킹스마겐,킹스마겐글로벌(주),--,0년  0개월
,,에이스합동공인중개사사무소,에이스합동공인중개사사무소,--,0년  0개월
,임대,평균,-,-,3년  4개월
,,플랜트,(주)플랜트스터디카페,2017-10-01,3년  2개월
,,플스빌,더캠트사업본부,2018-01-13,2년  11개월
,,열공스터디카페,(주)열공스터디카페,2017-10-10,3년  2개월
,,이랑한복,이랑한복,2017-07-01,3년  5개월
,,알파박스(ALPHABOX),알파박스,2017-07-22,3년  5개월
,,키친42,(주)시그널,2019-09-01,1년  3개월
,,더프라자골프스튜디오,(주)더프라자,--,0년  0개월
,,모두의 주방,(주)모두벤쳐스,--,0년  0개월
,,GARAGE KITCHEN(개러지키친),(주)개러지키친,--,0년  0개월
,,쏘플 파티룸,(주)소셜패밀리,--,0년  0개월
,,KITCHEN WORKS(키친웍스),(주)에스앤엘웍스,--,0년  0개월
,,피크닉109,씨제이컨설팅(주),2020-03-01,0년  9개월
,,스마트탑오피스,(주)에이치엠크리에이션,--,0년  0개월
,숙박,평균,-,-,7년  8개월
,,야자,(주)야놀자에프앤지,2011-08-09,9년  4개월
,,브라운도트호텔,(주)야놀자에프앤지,2015-07-23,5년  5개월
,,얌(YAM),(주)야놀자에프앤지,2011-12-23,9년  0개월
,,넘버25(NO.25),(주)야놀자에프앤지,2016-03-15,4년  9개월
,,호텔여기어때(HOTEL여기어때),(주)위드이노베이션,2016-10-10,4년  2개월
,,케이-게스트하우스(k-guesthouse),(주)나라365,2015-10-01,5년  2개월
,,게스트하우스포유,에스엠마스터(주),2013-09-06,7년  3개월
,,호텔에비뉴(H AVENUE),(주)야놀자에프앤지,2015-07-06,5년  5개월
,,호텔더하운드(HOTEL THE HOUND),(주)야놀자에프앤지,2016-01-01,4년  11개월
,,비클래시(BE CLASSY),(주)쇼플레이스,2018-08-01,2년  4개월
,,골든튤립,골든튤립코리아(주),2015-11-20,5년  1개월
,,휴식,(주)휴식,2019-03-04,1년  9개월
,,호텔명품,엠에이치디자인그룹(주),--,0년  0개월
,,베스트루이스해밀턴호텔,(주)베스트루이스해밀턴디자인그룹,--,0년  0개월
,,더블스테이,(주)더블스테이,--,0년  0개월
,,리조텔 거기조아,(주)리조텔,--,0년  0개월
,,로얄튤립,골든튤립코리아(주),--,0년  0개월
,,낭만스테이,(주)아이센스에프앤비,--,0년  0개월
,,작심하우스,(주)아이엔지스토리,--,0년  0개월
,,튤립인,골든튤립코리아(주),--,0년  0개월
,유아,평균,-,-,10년  8개월
,,꼬마대통령,(주)네오플레너스,2015-09-01,5년  3개월
,,노래하는크레용,(주)에듀프라임,2020-01-10,0년  11개월
,,엘뽀레,(주)킨더몬떼,2015-09-07,5년  3개월
,,리틀마운틴,(주)리틀마운틴,--,0년  0개월
,,키다모 키즈레스토랑,(주)케이앤엠파트너스,2018-12-14,2년  0개월
,,에듀앤,에듀앤컴퍼니,--,0년  0개월
,스포츠,평균,-,-,4년  6개월
,,골프존파크(GOLFZON PARK),(주)골프존,2016-08-01,4년  4개월
,,점핑하이,(주)점핑하이,2016-10-22,4년  2개월
,,curves,(주)커브스코리아,2006-07-30,14년  5개월
,,스트라이크존(STRIKEZON),(주)뉴딘콘텐츠,2016-03-01,4년  9개월
,,리얼야구존,(주)리얼야구존,2016-04-16,4년  8개월
,,레전드야구존,(주)클라우드게이트,2018-03-28,2년  9개월
,,스포애니,(주)케이디스포츠,2011-12-01,9년  0개월
,,아메리카요가,(주)아메리카요가,2009-09-01,11년  3개월
,,모던필라테스MPI,(주)엠피아이모던필라테스,2015-01-15,5년  11개월
,,킹콩점프,(주)친구사이,2012-09-01,8년  3개월
,,단월드,(주)단월드,2009-02-19,11년  10개월
,,케이닥터바디시스템,(주)효전,2013-04-30,7년  8개월
,,에스엔피이(SNPE) 바른자세척추운동,(주)한국바른자세연구원,2016-10-13,4년  2개월
,,점핑머신,점핑머신,2019-03-18,1년  9개월
,,존케이지빌리어즈,노리인터랙티브(주),2016-12-01,4년  0개월
,,케어필라테스,빅사이트,2010-03-02,10년  9개월
,,바디채널(BODYCHANNEL),(주)바디채널,2015-07-28,5년  5개월
,,아리아(ARIA)센터,(주)프랜조이,2016-05-16,4년  7개월
,,레전드히어로즈,(주)클라우드게이트,2018-02-10,2년  10개월
,,브라보 퍼블릭 스크린골프,(주)퍼블릭스크린골프,2018-11-18,2년  1개월
,,포시즌필라테스,(주)소울앤바디,2016-10-07,4년  2개월
,,4차원균형 다이어트요가,한국건강리더십교육원,2013-01-10,7년  11개월
,,피크바이짐,피크바이짐영통점,2017-05-20,3년  7개월
,,14일동안,(주)십사일동안,2006-05-01,14년  7개월
,,이브필라테스,(주)이브필라테스,2017-01-03,3년  11개월
,,랩스휘트니스,랩스컴퍼니,2016-04-01,4년  8개월
,,에이치엠풋살파크 (hm futsal park),(주)에이치엔에스,2016-03-21,4년  9개월
,,작당,(주)올댓메이커,2018-03-05,2년  9개월
,,리윰필라테스,(주)이제이에이치앤씨,2015-08-25,5년  4개월
,,수성아트복싱클럽,수성아트복싱클럽체인본사,2015-10-05,5년  2개월
,,모던필라테스 부산경남지부,모던필라테스,2015-05-04,5년  7개월
,,제로키니,제로키니,2017-01-21,3년  11개월
,,공브라더스,(주)공브라더스,2013-11-11,7년  1개월
,,W필라테스,W필라테스영통,2016-09-01,4년  3개월
,,몸이야,(주)몸이야,2016-07-01,4년  5개월
,,핏플러스휘트니스,(주)대성에프앤지,2016-04-01,4년  8개월
,,갤러리골프아카데미,(주)디비홀딩스,2018-10-01,2년  2개월
,,벤투스CC,(주)타임앤플레이스,2018-06-02,2년  6개월
,,폴인기구필라테스 & PT,폴인기구필라테스&PT,2019-06-01,1년  6개월
,,에소르핏,(주)47컴퍼니,2019-07-01,1년  5개월
,,타워필라테스,타워아카데미,2014-08-01,6년  4개월
,,아이비키즈스포츠,(주)아이비그룹,2016-02-03,4년  10개월
,,팀터틀랫휘트니스,(주)티스포츠컴퍼니,2020-04-28,0년  8개월
,,지티에스(GTS)골프아카데미,(주)지티에스골프,2017-07-12,3년  5개월
,,위드스포츠,위드컬쳐,2019-07-09,1년  5개월
,,필라테스플랫폼,필라테스플랫폼,2018-05-01,2년  7개월
,,에소르핏더온필라테스,(주)47컴퍼니,2019-07-01,1년  5개월
,,스마트짐,스마트짐,2018-11-22,2년  1개월
,,요조바디라인,요조홀딩스(주),2014-05-10,6년  7개월
,,요가유즈바이필라테스,유즈필라테스,2017-07-12,3년  5개월
,,이야스위밍,(주)이야에듀,2019-05-13,1년  7개월
,,애니필라,(주)애니필라,2020-03-13,0년  9개월
,,이야짐,(주)이야에듀,2019-05-13,1년  7개월
,,무토관,(주)무카스,2019-08-18,1년  4개월
,,머시써짐,머시써짐,2016-07-29,4년  5개월
,,랩스,(주)더랩스코리아,2019-08-01,1년  4개월
,,에이원테니스,에이원테니스,2017-12-04,3년  0개월
,,킴스요가,김성수요가,2016-10-11,4년  2개월
,,아놀드홍휘트니스,(주)티에이핏,2015-01-01,5년  11개월
,,이룸골프,(주)이룸,2017-07-18,3년  5개월
,,렛츠팟(Letspot),(주)케이제이이노베이션,--,0년  0개월
,,여우공간필라테스,여우공간필라테스,2020-03-11,0년  9개월
,,컬링당구,(주)모컴테크,--,0년  0개월
,,바디엔지니어스 24,바디엔지니어스,2020-07-04,0년  5개월
,,퍼스트스킬,퍼스트스킬,2020-01-03,0년  11개월
,,리본필라테스,리본필라테스,--,0년  0개월
,,엘츠필라테스,(주)비엠코퍼레이션,--,0년  0개월
,,스카이요가쿨라,스카이요가쿨라,2014-02-01,6년  10개월
,,복타,한국복타스포츠케어센터,--,0년  0개월
,,월드클래스홀덤클럽,(주)제이와이케이,--,0년  0개월
,,코코필라테스,(주)코코컴퍼니,--,0년  0개월
,,애니타임 피트니스,(주)모던휘트니스코리아,--,0년  0개월
,,파파골프,지엠에이(주),2020-04-18,0년  8개월
,,숨(S.U.M)댄스테라핏컴퍼니,숨(S.U.M)댄스테라핏컴퍼니,--,0년  0개월
,,브라보캐롬클럽(BRAVO CAROM CLUB),(주)타임앤플레이스,2020-04-16,0년  8개월
,,전풋볼아카데미(JEON Football Academy),전풋볼아카데미(JEONFootballAcademy),--,0년  0개월
,,비욘드바디,(주)비에이치디컴퍼니,2017-02-01,3년  10개월
,,핏걸,(주)핏걸,--,0년  0개월
,,타겟골프(Target Golf),(주)모컴테크,--,0년  0개월
,,팀윤짐플러스,(주)팀윤,2017-01-14,3년  11개월
,,스매싱존,(주)티엘인더스트리,--,0년  0개월
,,펀앤점프줄넘기아카데미,펀앤점프줄넘기아카데미본사,2018-05-01,2년  7개월
,,나디아요가,나디아요가,2017-02-08,3년  10개월
,,굿볼스튜디오,굿볼아카데미(주),2020-04-01,0년  8개월
,,킹콩로라,(주)친구사이,--,0년  0개월
,,아트필라테스(ARTPILATES),아트필라테스(ARTPILATES),2018-05-31,2년  7개월
,,해피빌(happybil),(주)해피빌리어드,2019-03-01,1년  9개월
,,보니따필라테스,보니따필라테스수원망포점,--,0년  0개월
,,스크린댄스방,(주)모컴테크,--,0년  0개월
,,스토래지 풋살,(주)에이블한,2020-04-24,0년  8개월
,이미용,평균,-,-,7년  8개월
,,리안,미창조(주),2001-07-26,19년  5개월
,,세이프존,(주)엑손알앤디,2019-09-01,1년  3개월
,,블루클럽,(주)토마토디앤씨,1998-06-02,22년  6개월
,,박승철헤어스투디오,(주)피에스씨네트웍스,1997-05-17,23년  7개월
,,벤자롱스파,제이엔씨벤자롱(주),2008-08-24,12년  4개월
,,토리헤어,(주)토리,2011-08-22,9년  4개월
,,구피샵,(주)에스엘에스탑,2011-07-20,9년  5개월
,,이철헤어커커,(주)커커,1999-07-10,21년  5개월
,,이가자헤어비스,(주)뷰티끄레아,1995-03-01,25년  9개월
,,에이치스타일(H-STYLE),로얄파트너스(주),2009-05-01,11년  7개월
,,로이드밤,(주)휴이엠컴퍼니,2014-03-01,6년  9개월
,,약손명가,(주)약손명가외1,2017-03-11,3년  9개월
,,미플아미아,(주)미플네이처,2005-01-01,15년  11개월
,,박준뷰티랩,(주)피엔제이,1995-08-28,25년  4개월
,,제오헤어,(주)뷰쎄,2002-11-11,18년  1개월
,,포쉬네일,아름다운비젼,2006-12-18,14년  0개월
,,지노헤어(XINO HAIR),(주)지노홀딩스,2016-12-08,4년  0개월
,,이훈헤어칼라,(주)이연에프비,2005-01-01,15년  11개월
,,보그 (VOG),(주)브이오지코리아,2013-02-14,7년  10개월
,,헤어망고,(주)에이치엠코리아,2016-04-15,4년  8개월
,,아이디헤어,(주)아이디뷰티,2006-12-19,14년  0개월
,,아이디헤어,(주)아이디뷰티,2006-12-19,14년  0개월
,,염색이야기,우리들체인,2015-06-12,5년  6개월
,,헬로우컷,에이치앤씨(H&C),2015-05-24,5년  7개월
,,리소헤어(LISOHAIR),(주)엘케이아이,2016-03-21,4년  9개월
,,오다헤어,(주)헤어플래닛,2008-09-22,12년  3개월
,,modshair,(주)엠에이치프로페셔날,2008-06-01,12년  6개월
,,빨간코끼리,빨간코끼리(R&E),2015-04-24,5년  8개월
,,몰디브태닝,몰디브태닝컴퍼니,2017-01-01,3년  11개월
,,디아르떼보스헤어,(주)휴이엠컴퍼니,2018-10-10,2년  2개월
,,얼짱몸짱,(주)뷰피플,2004-05-01,16년  7개월
,,더맑은스킨,(주)플랜에이컴퍼니,2016-05-30,4년  7개월
,,스킨포유,에스앤비코리아(주),2006-06-01,14년  6개월
,,골든네일,(주)플랜에이컴퍼니,2009-09-15,11년  3개월
,,헤어12.5,(주)코아띠,2012-11-01,8년  1개월
,,미랑컬헤어,아름네트웍스(주),2003-03-03,17년  9개월
,,SBS아카데미뷰티스쿨,(주)미지에듀,2012-02-15,8년  10개월
,,레드헤어 COOL,레드헤어,2014-04-13,6년  8개월
,,조으다헤어,(주)조으다,2019-08-01,1년  4개월
,,닥터수,(주)닥터수,2014-10-16,6년  2개월
,,프리미엄살롱세종,(주)미용그룹세종,2001-03-05,19년  9개월
,,헤어아티스트엠,(주)헤어아티스트엠,2011-10-10,9년  2개월
,,닥터모락,(주)닥터모락,2016-10-01,4년  2개월
,,이미호아이래쉬(이미호eyelash),이미호아이래쉬,2011-07-20,9년  5개월
,,어반그라운드헤어(urbangroundhair),(주)가나안홀딩스,2015-10-02,5년  2개월
,,펠리아 뷰티살롱,(주)펠리아,2010-07-15,10년  5개월
,,헤어아떼,(주)더비앤에이치,2017-02-13,3년  10개월
,,탑스칼프,비오엠코스메틱(주),2014-11-01,6년  1개월
,,금단비가,(주)금단비가,2009-03-24,11년  9개월
,,에리카헤어,(주)에리카,2020-04-13,0년  8개월
,,아미치0.3,(주)다모생활건강,2005-03-01,15년  9개월
,,아이벨르팜므(I Belle Femme),(주)디이노,2014-01-24,6년  11개월
,,헤어팡팡,에스앤피컴퍼니,2017-04-01,3년  8개월
,,차홍룸(CHAHONG ROOM),(주)씨에이치인터내셔널,2017-08-25,3년  4개월
,,닥터스칼프,(주)닥터스칼프,2009-07-01,11년  5개월
,,쟈끄데상쥬,(주)디이노,1993-06-04,27년  6개월
,,토니앤가이,(주)케이앤씨서비스,2011-03-20,9년  9개월
,,고정현헤어,(주)고헤어,2013-03-01,7년  9개월
,,위뷰티,(주)위뷰티,2013-05-15,7년  7개월
,,헤어1380,(주)더비앤에이치,2017-04-17,3년  8개월
,,휴이엠헤어,(주)휴이엠컴퍼니,2019-04-01,1년  8개월
,,꾸아퍼스트,꾸아몽드(주),2011-05-01,9년  7개월
,,예신,(주)예신건강가꾸기,2011-11-24,9년  1개월
,,가인미가,(주)가인미가그룹,2012-03-21,8년  9개월
,,커틸다헤어살롱,㈜열펌공화국,2018-01-05,2년  11개월
,,헤솔두피클리닉스,(주)에코마인,2008-08-01,12년  4개월
,,루루앤아이래쉬,루루앤아이래쉬,2013-03-01,7년  9개월
,,스파나무,(주)뷰티컴바인,2016-01-01,4년  11개월
,,뉴욕비비,(주)뷰티베리,2012-01-02,8년  11개월
,,버블스토리,(주)펀키즈코리아,2006-05-04,14년  7개월
,,사틴헤어,(주)사틴,2008-04-01,12년  8개월
,,닥터포헤어,(주)휴메이저,2013-02-01,7년  10개월
,,드라포레(De La foret),(주)포레,2017-05-01,3년  7개월
,,헤어팰리스(Hair Palace),로얄파트너스(주),2009-05-01,11년  7개월
,,자미한,자미한미용학원,2016-07-02,4년  5개월
,,박공헤어,(주)피에스씨네트웍스,2016-12-31,4년  0개월
,,라뷰티코아,(주)라뷰티코아,2014-03-01,6년  9개월
,,이진헤어,(주)이진뷰티,2015-04-09,5년  8개월
,,뽑자 슈가링,비에프오코리아(B.F.OKOREA),2019-02-14,1년  10개월
,,이경민포레,(주)포레,2007-05-01,13년  7개월
,,김송정머리터,김송정머리터,2020-05-29,0년  7개월
,,순수,(주)순수패밀리,2018-03-07,2년  9개월
,,부르힐에스테틱,브라이트피플,2016-08-22,4년  4개월
,,키웰(KEYWELL),(주)사이,2011-06-17,9년  6개월
,,칩꾸아프,플랑크타임(주),2015-04-02,5년  8개월
,,젠틀루뉴욕,(주)이엑스피코리아,2017-12-20,3년  0개월
,,코라인(KOHRAIN),KOHRAIN코라인,2015-05-18,5년  7개월
,,더블유엠에스테틱두피센터,더블유엠에스테틱시지점,2017-10-01,3년  2개월
,,시카고왁싱,엠제이부티끄(주),2016-12-27,4년  0개월
,,엣지태닝,엣지태닝가맹본부,2019-04-15,1년  8개월
,,하루두피 (Haru Scalp),(주)루틸코리아,2018-11-12,2년  1개월
,,헤어7반장,(주)코아띠,2019-05-30,1년  7개월
,,더세리(THE SERI),(주)세리앤코,2005-10-14,15년  2개월
,,김찬월가모,(주)김찬월가모랩,2004-12-01,16년  0개월
,,큐헤어(Q HAIR),(주)큐에이치,2015-10-22,5년  2개월
,,휴앤진,(주)휴앤진,2015-03-30,5년  9개월
,,시원하오,더케이웰니스,2016-11-30,4년  1개월
,,헤어그라피,(주)피에스씨네트웍스,2010-12-01,10년  0개월
,,미인가,미인가,2010-11-01,10년  1개월
,,ZS HAIR SALON (제트에스헤어살롱),ZAS,2017-11-15,3년  1개월
,,디탐(D.Tam),디탐,2019-01-01,1년  11개월
,,차홍아르더,(주)씨에이치인터내셔널,2012-07-06,8년  5개월
,,지케이네일(GK네일),(주)위드코,2017-12-14,3년  0개월
,,브로우돌(Brow-Doll),브로우돌,2019-01-22,1년  11개월
,,제니하우스(jennyhouse),(주)제니하우스,2013-11-30,7년  1개월
,,제니웨딩뷰티(jenny wedding beauty),(주)제니하우스,2013-08-16,7년  4개월
,,미휴,카이스트제1호연구소기업엠피위즈(주),2017-09-25,3년  3개월
,,유미코리아뷰티,(주)한국미용전문그룹유미코리아,2019-11-05,1년  1개월
,,에센슈얼,(주)케이앤씨서비스,2011-05-11,9년  7개월
,,아이벨르,(주)디이노,2002-08-20,18년  4개월
,,오캄(au calme),(주)뷰티끄레아,2020-04-26,0년  8개월
,,샹프리(SHANGPREE),(주)유알지,2016-08-16,4년  4개월
,,채에스테틱,(주)케이뷰티원,2017-04-01,3년  8개월
,,팩하우스,(주)인트코퍼레이션,2019-12-13,1년  0개월
,,론썸헤이드,론썸헤이드,2020-03-31,0년  9개월
,,하다,(주)고헤어,2015-07-11,5년  5개월
,,칼라스파,(주)디에스그룹,2018-02-22,2년  10개월
,,솔루미에스테,㈜지앤제이,2019-04-08,1년  8개월
,,크레이머파리헤어살롱,(주)크래이머코리아,2017-05-01,3년  7개월
,,이환헤어궁,이환헤어궁,2015-07-07,5년  5개월
,,김활란뮤제네프,(주)김활란뮤제네프,2006-07-10,14년  5개월
,,블랭크유(BLANKYOU),(주)수이비뷰티컴퍼니,2018-05-24,2년  7개월
,,엔네일,엔네일춘천지점,2017-04-25,3년  8개월
,,스타일맨,(주)제이엠헤어존,2019-11-12,1년  1개월
,,Du Sol Hair (두쏠헤어),(주)두쏠트렌드,2013-01-04,7년  11개월
,,민낯뷰티,(주)블라썸클라우드,2020-03-25,0년  9개월
,,에즈헤어라운지,(주)디피플,2014-07-04,6년  5개월
,,티나스타일,티나스타일,2020-06-02,0년  6개월
,,CHOPHAIR,씨에이치오피네이션,--,0년  0개월
,,3.4.5 헤어살롱,(주)뷰티투웰브,2016-07-01,4년  5개월
,,닥터모다르,루브젯,2020-05-25,0년  7개월
,,엉클부스,엉클부스,--,0년  0개월
,,RADO,이엘뷰티미용재료,--,0년  0개월
,,반디인하우스,뷰티경영연구소,--,0년  0개월
,,네일바이허슬기,(주)베이바이허슬기,--,0년  0개월
,,화사한,(주)화사한,2020-01-03,0년  11개월
,,어퍼컷,(주)정우인터네셔날,2016-01-28,4년  11개월
,,계서은제이르,계서은제이르,2020-04-07,0년  8개월
,,살롱에이(salon a),(주)키애듀팩토리,--,0년  0개월
,,마들렌 헤어,(주)서진컴퍼니,--,0년  0개월
,,골목미장원,골목뷰티,--,0년  0개월
,,최가을헤어드레서,(주)뷰티레이블,2002-07-01,18년  5개월
,,나이스가이,(주)정우인터내셔널,2001-02-09,19년  10개월
,,장루이다비드(Jean Louis David),(주)제이엘디케이,2013-06-01,7년  6개월
,,더 크라이오테라피,(주)리얼야구존,--,0년  0개월
,,머리샵,머리샵,--,0년  0개월
,,그리니쉬,그리니쉬네일,--,0년  0개월
,,늘담빛,와이에스아이네트웍스,--,0년  0개월
,,결이고은 에스테틱,(주)결이고은,--,0년  0개월
,,마끼에,(주)커커,2013-02-10,7년  10개월
,,레드美컬,레드헤어,--,0년  0개월
,,스파에이르,에이르랩,2016-12-12,4년  0개월
,,핸팅(HANDTING),(주)핸팅,--,0년  0개월
,,르아르채(LEARECHE),(주)더뷰티,2018-02-01,2년  10개월
,,미더베스트(美THE BEST),플랜아우어(PLAN.OUR),--,0년  0개월
,,요조바디라인,(주)제이어포드,2020-09-01,0년  3개월
,,우먼홈케어,우먼홈케어,--,0년  0개월
,,누누,누누,--,0년  0개월
,,프랑크프로보,(주)뷰쎄,2006-01-27,14년  11개월
,,네일닥터(Nail Doctor),(주)네일닥터,2014-11-20,6년  1개월
,,라오나토뷰티스쿨,(주)미지에듀,--,0년  0개월
,,미즈노블,(주)미즈노블미용학원,2014-05-16,6년  7개월
,,스파머시,(주)스파앤컨설팅,2013-09-02,7년  3개월
,,레드폴바버샵,(주)레드폴바버샵,--,0년  0개월
,,찰스리헤어테크,(주)찰스리,--,0년  0개월
,,베이바이허슬기,(주)베이바이허슬기,--,0년  0개월
,,리벨로 바버샵,(주)벨로벨라,--,0년  0개월
,,네일블룸,비엔티에프앤씨,2011-06-23,9년  6개월
,,에스뷰테라,에스씨파트너스(주),2016-12-01,4년  0개월
,,슈슈앤쎄씨,(주)슈슈코스메틱,2018-10-01,2년  2개월
,,라트리헤어,(주)라트리컴퍼니,2020-03-01,0년  9개월
,,슈가헤어디자인숍(SUGAR HAIR DESIGN SHOP),(주)지노홀딩스,--,0년  0개월
,,라비앙르 로즈(LA VIE ENR ROSE),라비앙르로즈,2020-01-05,0년  11개월
,,제이로랑,로랑뷰티,2019-01-15,1년  11개월
,,스위스익스필,스위스익스필,--,0년  0개월
,,엘슈빗,신승원컷앤컷,--,0년  0개월
,,준오헤어,(주)준오뷰티,2003-01-01,17년  11개월
,,탈모야안녕,탈모야안녕,2014-03-09,6년  9개월
,,엘케이엠포레뷰티(LKM foret beauty),(주)포레,2017-01-10,3년  11개월
,,스킨랩엘,(주)스파앤컨설팅,2017-01-13,3년  11개월
,,모양,(주)엠프파트너스,2009-05-25,11년  7개월
,자동차,평균,-,-,8년  5개월
,,블루핸즈(bluehands),현대자동차(주),2007-04-02,13년  8개월
,,마스타,마스타자동차관리(주),1991-01-03,29년  11개월
,,마스타,마스타자동차관리(주),1991-01-03,29년  11개월
,,브이쿨,(주)지알테크,2012-09-17,8년  3개월
,,티스테이션,한국타이어앤테크놀로지(주),2005-03-01,15년  9개월
,,카앤피플,(주)카앤피플,2013-04-13,7년  8개월
,,스미스클럽,(주)스미스클럽,2011-01-10,9년  11개월
,,카젠,(주)카젠,2004-10-27,16년  2개월
,,레디카,마스타자동차관리(주),2006-04-01,14년  8개월
,,레디카,마스타자동차관리(주),2006-04-01,14년  8개월
,,투투정비서비스,투투정비서비스(주),2007-05-08,13년  7개월
,,매직터치,(주)엠티덴트테크,2004-08-20,16년  4개월
,,틴트어카,(주)틴트어카코리아,2009-01-09,11년  11개월
,,소낙스서비스,(주)알레스,2007-03-13,13년  9개월
,,메이저카,(주)메이저카,2010-08-16,10년  4개월
,,덱스크루(DEX CREW),(주)덱스크루,2011-05-21,9년  7개월
,,오토앤(auto&),오토앤(주),2015-06-05,5년  6개월
,,지바트,(주)지코프로,1991-01-05,29년  11개월
,,Detailer明(디테일러명),(주)디테일러명,2019-01-02,1년  11개월
,,카스페이스(CAR SPACE),카스페이스,2016-08-01,4년  4개월
,,바름정비,(주)바름파트너스,2017-11-01,3년  1개월
,,크린테크,(주)크린모어,2017-01-01,3년  11개월
,,에쓰-오일(S-OIL)슈퍼워시(SUPERWASH),오토앤(주),2017-08-24,3년  4개월
,,TS협력자동차검사소,한국교통안전공단,2010-11-01,10년  1개월
,,갓차,(주)갓차,2017-05-01,3년  7개월
,,엠팸,(주)엠팸,2018-04-05,2년  8개월
,,럭스서비스,럭스서비스(LUXEservice)본점,2016-07-31,4년  5개월
,,어제스트,(주)어제스트,2005-06-30,15년  6개월
,,킹콩샤워,(주)킹콩샤워,2018-08-08,2년  4개월
,,도도세차,S.I인터내셔널,2014-05-10,6년  7개월
,,VXST(버텍스 스팀),라미CNP(주),2011-04-16,9년  8개월
,,아이나비프리미엄스토어,팅크웨어(주),2017-09-25,3년  3개월
,,스팀맨,(주)창업맨,2019-03-01,1년  9개월
,,탑앤존,디티코리아,2018-12-10,2년  0개월
,,에스로드,(주)에스엔티,2018-05-01,2년  7개월
,,모토키이(motokii),모토키이(motokii),2018-08-01,2년  4개월
,,이지씨에스스팀파워(EGCS Steam Power),(주)에코그린카스토리,2016-01-13,4년  11개월
,,쉴드샵,쉴드샵,2018-12-03,2년  0개월
,,골드엠,골드엠,2018-12-01,2년  0개월
,,지족스(G'ZOX),오토앤(주),2017-03-09,3년  9개월
,,덱스워시,(주)덱스크루,2019-03-01,1년  9개월
,,디테일링(detailing),오토앤(주),2015-11-26,5년  1개월
,,카메오랩,삼정카메오,2019-05-01,1년  7개월
,,Circle AUTO TAG,(주)나인서클코리아,--,0년  0개월
,,스팀크루,스팀크루본부,2020-06-01,0년  6개월
,,쌍둥이출장세차,대구쌍둥이밧데리본점,--,0년  0개월
,,스팀보이게러지,(주)스팀보이게러지,2019-01-01,1년  11개월
,,복원달인,(주)에스시알엠,2017-08-20,3년  4개월
,,오토큐(AUTO Q),기아자동차(주),2006-11-13,14년  1개월
,,세차라운지1944,만호CS,--,0년  0개월
,,티앤씨자동차외형복원,티앤씨자동차외형복원,2012-10-01,8년  2개월
,,오토카지(Autocarz),(주)오토카지,--,0년  0개월
,,카포스,한국자동차전문정비사업조합연합회,2011-08-31,9년  4개월
,,ECO CLEAN,(주)에코클린,2020-04-27,0년  8개월
,,수파가드(Supagard),동화피앤디,--,0년  0개월
,,autoOasis(오토오아시스),지에스엠비즈(주),2003-11-21,17년  1개월
,,쌔카스팀세차,(주)쌔카에스,2015-07-24,5년  5개월
,,플레이앤드,플레이앤드,2015-04-23,5년  8개월
,,공임나라,(주)자동차공임나라,2015-03-26,5년  9개월
,,글로벌자동차유리,(주)지에이엠지,2017-05-01,3년  7개월
,,카핏,(주)글로씨,--,0년  0개월
,,1991모터스,1991모터스,2020-02-28,0년  10개월
,,내차를부탁해,내차를부탁해,2014-11-13,6년  1개월
,,SPEEDMATE,SK네트웍스(주),1993-03-11,27년  9개월
,PC방,평균,-,-,4년  10개월
,,아이센스PC방,(주)아이센스에프앤씨,2011-01-28,9년  11개월
,,라이또PC방,(주)라이또에프앤씨,2016-12-31,4년  0개월
,,샹떼피시방,(주)참인포텍,2007-11-27,13년  1개월
,,스타덤PC,(주)포메이션투,2016-07-01,4년  5개월
,,맥스피드PC,(주)에스티피아이앤씨,2010-09-01,10년  3개월
,,피에스타PC방,(주)미라크,2014-02-17,6년  10개월
,,해피로PC,(주)휴링크에프씨,2013-03-01,7년  9개월
,,더캠프피씨방(더캠프PC방),(주)더캠프,2014-02-28,6년  10개월
,,탑플레이스피씨존(탑플레이스PCZONE),(주)탑플레이트에프씨,2016-08-24,4년  4개월
,,헌터피씨,(주)플랫폼즈,2015-10-08,5년  2개월
,,시즌아이피시(PC)방,(주)맥스원이링크,2005-09-24,15년  3개월
,,더엑스쿡PC방,(주)동보에프앤비,2018-04-04,2년  8개월
,,IRIS POP(아이리스팝),(주)쿠키소프트,2019-01-01,1년  11개월
,,크라우드PC방,(주)크라우드팩토리,2018-08-01,2년  4개월
,,제너스 PC,(주)도담에프앤비,2018-10-17,2년  2개월
,,스토리PC,(주)트라이앵글스토리,2014-05-01,6년  7개월
,,pc토랑,(주)토랑에프씨,2018-07-01,2년  5개월
,,크레인피씨(크레인PC),(주)아르떼에프앤씨,2017-08-25,3년  4개월
,,시그니처 아레나 PC방,(주)아레나,2018-07-05,2년  5개월
,,철구PC,(주)씨구파트너스,2018-03-15,2년  9개월
,,피디에스PC방,(주)씨와이에프앤씨,2017-09-15,3년  3개월
,,오셀롯(OCELOT),(주)놀숲,2018-02-12,2년  10개월
,,제로100피씨(ZERO100PC),부만사(주),2019-08-01,1년  4개월
,,크리드 PC,(주)크리드,2018-05-15,2년  7개월
,,에코스PC방,(유)에코에프엔씨,2018-01-11,2년  11개월
,,라이온시티피씨,(주)라이온에프지,2008-12-10,12년  0개월
,,플레이존PC,(주)이웍스커뮤니케이션,2017-02-14,3년  10개월
,,아이센스리그PC방,(주)아이센스에프앤씨,2018-10-16,2년  2개월
,,세븐스타PC방,(주)루센트,2018-11-26,2년  1개월
,,온스테이지PC,(주)휴링크에프씨,2020-04-28,0년  8개월
,,욜로PC방,(주)욜로에프앤씨,2019-12-22,1년  0개월
,,KSTAR PC CAFÉ (케이스타피씨카페),스타에프앤씨(주),2018-12-28,2년  0개월
,,아이센스리그PC방,㈜아이센스에프앤비,2017-04-28,3년  8개월
,,리얼피씨존(REAL PC ZONE),(주)리얼야구존,--,0년  0개월
,,쇼타임크루 PC COOK,(주)글로리아에프아이,--,0년  0개월
,,레드피씨존(RED PC ZONE),(주)팀에프지,2015-06-18,5년  6개월
,,고스트캐슬,(주)엔컴플러스,2003-03-15,17년  9개월
,,인디고 피씨 카페(INDIGO PC CAFE),(주)티앤지에프씨,2017-07-03,3년  5개월
,,셰프PC카페,(주)케이엠씨,--,0년  0개월
,,더토랑,(주)토랑에프씨,--,0년  0개월
,,3에스피씨(3S PC),(주)엠케이디엔씨,--,0년  0개월
,,제스트PC방,제스트에프씨(주),--,0년  0개월
,,쇼타임피시앤카페,(주)쇼타임글로벌,2017-08-14,3년  4개월
,,시즌원PC방,㈜더베스트,--,0년  0개월
,,글로버 PC랩,글로버,--,0년  0개월
,오락,평균,-,-,6년  7개월
,,세븐스타코인노래연습장,(주)루센트,2016-03-28,4년  9개월
,,락휴노래연습장,(주)대승인터컴,2007-10-01,13년  2개월
,,셜록홈즈,(주)언리얼컴퍼니,2016-10-01,4년  2개월
,,락휴노래타운,(주)대승인터컴,2010-06-21,10년  6개월
,,레드버튼(RedButton),(주)레드버튼,2015-11-25,5년  1개월
,,히어로보드게임카페,(주)펀코리아,2018-02-09,2년  10개월
,,홈즈앤루팡 보드게임카페,(주)홈즈앤루팡,2018-12-01,2년  0개월
,,아수라발발타,아수라발발타(주),2017-04-01,3년  8개월
,,정글비,정글비,2019-07-26,1년  5개월
,,오라구코인노래연습장,오라구,--,0년  0개월
,,브레이크아웃 이스케이프,(주)이스케이프랩,2016-10-20,4년  2개월
,,EVR 그라운드,(주)리앤팍스,--,0년  0개월
,,도어이스케이프,도어이스케이프,--,0년  0개월
,,수노래연습장,(주)우리모두브라보,2005-02-01,15년  10개월
,,슈퍼스타코인노래연습장,엔씨엔터(주),2014-09-30,6년  3개월
,,텐코인,텐에프씨,--,0년  0개월
,배달,평균,-,-,6년  3개월
,,퀵톡,(주)아이쿱스,2014-09-25,6년  3개월
,,담꾹,(주)디엔에프씨,--,0년  0개월
,,고래감자탕딜리버리,(주)디딤,--,0년  0개월
,,해장냉면,(주)디딤,--,0년  0개월
,,생활치킨,(주)데일리비어,--,0년  0개월
,,코리앗치킨딜리버리,(주)디딤,--,0년  0개월
,,번개두마리찜닭,(주)디딤,--,0년  0개월
,,육고수,(주)디딤,--,0년  0개월
,안경,평균,-,-,8년  8개월
,,오렌즈,(주)스타비젼,2012-03-22,8년  9개월
,,일공공일안경콘택트,(주)토마토디앤씨,1999-12-27,21년  0개월
,,렌즈미,(주)렌즈미,2012-08-03,8년  4개월
,,글라스스토리,(주)글라스스토리안경,2011-01-04,9년  11개월
,,안경매니져,(주)안경매니져,2005-11-14,15년  1개월
,,안경나라,(주)토마토디앤씨,1997-07-01,23년  5개월
,,안경박사,(주)안경박사,1997-07-24,23년  5개월
,,으뜸50안경,(주)으뜸50안경,2017-07-01,3년  5개월
,,으뜸플러스안경,플러스옵틱(주),2018-07-25,2년  5개월
,,아이피아,(주)안경매니져,2007-04-01,13년  8개월
,,렌즈타운,코코엘,2011-02-26,9년  10개월
,,아이젠트리(EYE GENTRY),아이젠트리(주),2011-10-17,9년  2개월
,,아이디어(Eyedear),(주)상상,2015-01-01,5년  11개월
,,씨채널,(주)안경매니져,2012-10-12,8년  2개월
,,아이데코,(주)지앤디,2014-07-11,6년  5개월
,,글라스박스(GLASSBOX),(주)글라스박스,2005-11-18,15년  1개월
,,K비젼안경,(주)케이비젼안경체인,2007-01-22,13년  11개월
,,시호비전(SEEHO VISION),(주)시호비전,2002-01-01,18년  11개월
,,세컨페이스,(주)젬인터네셔널,2014-07-01,6년  5개월
,,눈사랑안경,(주)프렌치아이,2017-05-17,3년  7개월
,,안경창고킹싸군,(주)이엔비코퍼레이션,2014-07-01,6년  5개월
,,렌즈맨안경원,(주)다이안옵티칼,2010-02-08,10년  10개월
,,아이패밀리,(주)이엔비코퍼레이션,2013-01-10,7년  11개월
,,글라스바바안경,(주)글라스바바안경체인,2011-08-10,9년  4개월
,,렌즈디바,(주)메인코리아,2015-07-09,5년  5개월
,,렌즈스토리,(주)글라스스토리안경,2010-02-03,10년  10개월
,,JINY's(지니스),(주)지니스안경체인,2020-04-25,0년  8개월
,,보다안경,보다안경(주),2015-09-17,5년  3개월
,,E안경(이안경),(주)이안경,2005-01-01,15년  11개월
,,갤러리안경,(주)갤러리안경,2013-12-06,7년  0개월
,,태극안경콘택트,(주)태극안경,2004-07-10,16년  5개월
,,렌즈나인(LENS NINE),(주)렌즈나인,2016-08-03,4년  4개월
,,아이세이버(EYESAVER),(주)아이세이버,2016-07-25,4년  5개월
,,씨채널,(주)씨채널,2020-04-28,0년  8개월
,,아이에비뉴,(주)엘앤씨에비뉴,2011-03-30,9년  9개월
,,탑클래스 안경체인(TOP CLAS2),(주)탑클래스안경체인,2018-09-27,2년  3개월
,,씨채널(See Channel),(주)토마토디앤씨,1997-05-19,23년  7개월
,,눈애편안,(주)상상,2005-10-22,15년  2개월
,,"안경,진정성",(주)안경진정성,2018-05-01,2년  7개월
,,라운드2(ROUND2),(주)프렌티스,2016-03-05,4년  9개월
,,웨이브안경원,(주)다이안옵티칼,2010-10-01,10년  2개월
,,원셀프안경콘택트,(주)원셀프안경,2013-07-10,7년  5개월
,,아이조아렌즈,(주)아이조아,2018-11-12,2년  1개월
,,파리글라스,(주)다이안옵티칼,2019-07-29,1년  5개월
,,블루페퍼(BLUE PEPPER),(주)블루페퍼,2019-03-07,1년  9개월
,,글라스스토리 (GLASS STORY),(주)안경매니져,--,0년  0개월
,,아이파인(EYE FINE),아이젠트리(주),--,0년  0개월
,,글라스월드,(주)글라스월드,--,0년  0개월
,,다비치안경,(주)다비치안경체인,2003-01-20,17년  11개월
,,글라스스토어,(주)글라스스토리안경,--,0년  0개월
,,글라스타,(주)라온비젼,--,0년  0개월
,,글라스미,(주)렌즈미,--,0년  0개월
,,렌즈스토리(LENS STORY),(주)안경매니져,--,0년  0개월
,,멀리바안경,아이젠트리(주),--,0년  0개월
,,스펙터,(주)제이엔에프아이티씨,2013-08-01,7년  4개월
,,룩옵티컬(LOOK Optical),(주)룩옵틱스,2011-04-01,9년  8개월
,,바라보다,(주)유아이글라스,2013-01-10,7년  11개월
,,I Love Lens (아이러브렌즈),(주)글라스스토리안경,2019-03-06,1년  9개월
,,안경369,(주)글라스바바안경체인,2020-04-25,0년  8개월
,,아이비스,(주)아이비스,2012-06-10,8년  6개월
,,온세일(onsail),(주)라온비젼,2020-06-08,0년  6개월
,,피콜로안경원,피콜로안경,2019-02-15,1년  10개월
,세탁,평균,-,-,8년  6개월
,,크린토피아,(주)크린토피아,1992-10-01,28년  2개월
,,월드크리닝,(주)월드크리닝,1999-04-01,21년  8개월
,,크린업24 빨래방,(주)유니룩스,2005-07-15,15년  5개월
,,크린위드,(주)월드씨앤에프,2010-02-22,10년  10개월
,,워시테리아,(주)스마트워시,2015-07-07,5년  5개월
,,위니아24크린샵,(주)위니아에이드,2017-09-05,3년  3개월
,,테라스크린,(주)테라스크린,2013-02-21,7년  10개월
,,백마크리닝R,(주)백마크리닝R,2018-11-02,2년  1개월
,,백마크리닝S,(주)백마크리닝S,2019-07-02,1년  5개월
,,세탁을위한사람들,(주)유성,2006-09-01,14년  3개월
,,세탁풍경,세탁풍경,2015-12-17,5년  0개월
,,크린시아,크린시아,2018-01-22,2년  11개월
,,백마크리닝,백마크리닝,2018-11-02,2년  1개월
,,하얀크리닝,하얀크리닝,2016-04-07,4년  8개월
,,하이크리닝,하이크리닝협동조합,2017-11-27,3년  1개월
,,화이트크리닝,화이트크리닝,2010-04-19,10년  8개월
,,크린캐츠세탁프리,(주)조이박스,2016-08-01,4년  4개월
,,크린플러스,(주)크린플러스,2006-06-23,14년  6개월
,,최정민과함께하는 크리닝마스터,크리닝마스터,2018-04-06,2년  8개월
,,새로산운동화,새로산운동화프랜차이즈,2010-05-03,10년  7개월
,,세탁쇼,(주)차렸다,2020-07-20,0년  5개월
,,세탁마을,엘림씨엔씨,2008-06-01,12년  6개월
,,워시아워(WASHHOUR),(주)클린스퀘어인터내셔널,--,0년  0개월
,,백마크리닝T,(주)백마크리닝티,--,0년  0개월
,,프로세탁러,찬스바이찬(주),--,0년  0개월
,,크린에이드,(주)크린에이드,1996-04-15,24년  8개월
,,신데렐라,(주)씨엘피코리아,--,0년  0개월
,,참좋은세탁소,(주)민트크린,2018-07-01,2년  5개월
,,크렌즈갤러리,(주)크린에이드,--,0년  0개월
,,클린 샘,샘랩(주),--,0년  0개월
,,월드크린,(주)월드크린,--,0년  0개월
,이사,평균,-,-,12년  8개월
,,예스2424,예스2424(주),2008-05-02,12년  7개월
,,예스2404,케이지비(주),2003-02-01,17년  10개월
,,케이지비(KGB),케이지비(주),1996-07-07,24년  5개월
,,통인익스프레스,(주)통인익스프레스,2014-05-20,6년  7개월
,,Ycap,예스2424(주),2011-12-01,9년  0개월
,,드림하이 익스프레스,디에이치익스프레스(주),--,0년  0개월
,운송,평균,-,-,4년  5개월
,,마카롱택시,(주)케이에스티모빌리티,2019-04-15,1년  8개월
,,카카오T블루,(주)디지티모빌리티,2019-11-09,1년  1개월
,,인익스프레스(INXPRESS),(주)인익스프레스코리아,2018-12-04,2년  0개월
,,반반택시,(주)코나투스,--,0년  0개월
,,인천콜,(주)스마트인천콜,2012-02-23,8년  10개월
,,토마토모빌리티,(주)리라소프트,--,0년  0개월
,,유모스탭(UMOS TAP),(주)코드42,--,0년  0개월
,,다트,다트쉐어링(주),2020-03-02,0년  9개월
,,세븐콜,(주)세븐콜택시,2011-09-01,9년  3개월
,,로카(LOCAR),(주)스타릭스,2020-04-17,0년  8개월
,,나비콜,(주)나비콜,--,0년  0개월
,,우버택시(Uber Taxi),우버코리아테크놀로지(유),--,0년  0개월
,,코리아 택시(KOREA TAXI),(주)리싱,--,0년  0개월
,,아이엠(i.M),㈜진모빌리티,--,0년  0개월
,반려동물,평균,-,-,5년  7개월
,,야옹아멍멍해봐,(주)야옹아멍멍해봐,2015-05-10,5년  7개월
,,쿨펫동물병원,(주)쿨펫,2003-10-16,17년  2개월
,,폴리파크,(주)포파코,2012-11-02,8년  1개월
,,러브펫멀티펫샵,(주)러브펫코리아,2013-07-17,7년  5개월
,,아이러브펫동물병원,(주)위즈펫,2013-08-26,7년  4개월
,,유;폴(U;POL),유폴,2019-06-26,1년  6개월
,,낭만고양이,낭만고양이본점,2017-07-17,3년  5개월
,,온누리동물병원,(주)온누리펫,2016-06-15,4년  6개월
,,렙타일정글,렙타일정글(ReptileJungle),2016-05-14,4년  7개월
,,위즈펫동물병원,(주)위즈펫,2012-08-01,8년  4개월
,,서울퍼피,서울퍼피,2009-05-12,11년  7개월
,,라이프독,라이프독,2018-10-25,2년  2개월
,,비쇼네,씨케이컴퍼니,2016-09-30,4년  3개월
,,폴리파크플러스,(주)포파코,--,0년  0개월
,,퍼피솔루션,모들카페,--,0년  0개월
,,리츠펫(ritzpet),(주)바바코리아,--,0년  0개월
,,마이리틀프렌드,(주)마이리틀프렌드,2016-07-27,4년  5개월
,,겟풀(GETPOOL),(주)탐앤탐스,--,0년  0개월
,,브이케어,주식히사펫닥,2020-02-20,0년  10개월
,,올리스,올리스24,--,0년  0개월
,,야옹아놀자,야옹아놀자,2019-05-01,1년  7개월
,,이리온,우리와(주),2011-09-26,9년  3개월
,,미어캣파크,(주)더만듦,2017-12-01,3년  0개월
,,반생,(주)밸리스,--,0년  0개월
,,어라운드펫,(주)케이앤피어라운드(K&PAROUND),--,0년  0개월
,,도그베이,(주)애견컴퍼니,2018-05-23,2년  7개월
,,털로덮인친구들,주식화사반려동물,--,0년  0개월
,약국,평균,-,-,26년  0개월
,,온누리약국,(주)온누리에이치엔씨,1991-10-27,29년  2개월
,,메디팜,"메디팜(주)(MEDIPHARMCO.,LTD)",1993-10-18,27년  2개월
,,옵티마,(주)옵티마케어,1999-02-10,21년  10개월
,,파란문약국,(주)파란문약국프랜차이즈,--,0년  0개월
,인력파견,평균,-,-,9년  2개월
,,해피케어,(주)해피케어,2011-12-30,9년  0개월
,,참사랑어머니회산후도우미,(주)참사랑씨앤이,1998-01-01,22년  11개월
,,덤인,(주)덤인,2012-12-27,8년  0개월
,,조은맘,조은맘산후도우미,2017-03-02,3년  9개월
,,도담도담 산후도우미,도담도담맘&베이비홈케어,2016-10-18,4년  2개월
,,위드맘케어,(주)위드맘케어,2017-11-18,3년  1개월
,,참사랑그린가가정관리사,(주)참사랑씨앤이,2012-03-15,8년  9개월
,,참사랑어머니회베이비시터,(주)참사랑씨앤이,1998-01-01,22년  11개월
,,시니어스초이스(Seniors Choice),(주)시니어케어24,2019-01-01,1년  11개월
,,위더스산후케어,위더스산후케어,2018-08-10,2년  4개월
,,해와달출장산후조리,(본점)해와달출장산후조리,2006-08-08,14년  4개월
,,봄빛베스트,봄빛베스트,--,0년  0개월
,,시니어케어24(Senior Care24),(주)시니어케어24,--,0년  0개월
,,엔젤스맘,엔젤스맘,--,0년  0개월
,,이레아이맘,이레아이맘평생교육원,2012-07-26,8년  5개월
,,닥터맘 산모도우미,닥터맘앤닥터베베,2011-02-01,9년  10개월
,기타서비스,평균,-,-,5년  4개월
,,작심,(주)아이엔지스토리,2016-06-10,4년  6개월
,,놀숲,(주)놀숲,2015-11-04,5년  1개월
,,더풋샵(THE FOOT SHOP),(주)더풋샵컴퍼니,2007-10-18,13년  2개월
,,르하임스터디카페,(주)르하임,2018-03-08,2년  9개월
,,ScentOn(센트온),(주)센트온,2002-01-25,18년  11개월
,,깔끄미계단,(주)깔끄미크린하우스,2006-07-09,14년  5개월
,,클린앤제이,(주)클린앤제이,2014-02-11,6년  10개월
,,미스터힐링,(주)미스터즈,2015-06-15,5년  6개월
,,비지팅엔젤스,(주)비지팅엔젤스코리아,2008-07-01,12년  5개월
,,어드벤처피아노,(주)에듀프라임,2006-06-22,14년  6개월
,,커피랑도서관,커피랑도서관(주),2014-09-15,6년  3개월
,,커피랑도서관,커피랑도서관(주),2014-09-15,6년  3개월
,,아리아케어 방문요양센터,(주)아리아케어코리아,2017-05-22,3년  7개월
,,아리아케어 방문요양센터,(주)아리아케어코리아,2017-05-22,3년  7개월
,,아리아케어 방문요양센터,(주)아리아케어코리아,2017-05-22,3년  7개월
,,아리아케어 방문요양센터,(주)아리아케어코리아,2017-05-22,3년  7개월
,,이노티안경,(주)이노티,2002-10-31,18년  2개월
,,개미인력개발,개미인력개발(주),2006-07-20,14년  5개월
,,크린파트너,크린파트너본사,2010-05-03,10년  7개월
,,플랜A,(주)아지오디자인,2017-01-01,3년  11개월
,,카카오T블루(kakaoTblue),(주)케이엠솔루션,2018-09-13,2년  3개월
,,화이트셀프빨래방,인화이트,2006-07-13,14년  5개월
,,어라운드스터디카페(A.round study cafe),(주)어라운드에이치큐(HQ),2018-04-01,2년  8개월
,,엔젤스 코인노래연습장,(주)유니어스에프엔씨,2017-01-21,3년  11개월
,,바이오미스트,(주)바이오미스트테크놀로지,1996-07-01,24년  5개월
,,그루스터디센터,(주)루센트,2018-08-31,2년  4개월
,,아나덴,(주)르하임비앤에스,2018-10-26,2년  2개월
,,작심스터디카페,(주)아이엔지스토리,2017-05-19,3년  7개월
,,블록피아,(주)블록피아교육,2007-12-14,13년  0개월
,,스포키즈,(주)아이오로라,2017-10-01,3년  2개월
,,키즈닥터,키즈닥터코리아(주),2013-10-01,7년  2개월
,,위넌스터디카페,(주)위넌,2020-04-23,0년  8개월
,,르호봇,(주)르호봇비즈니스인큐베이터,1999-06-10,21년  6개월
,,다지음,(주)다지음,2014-09-13,6년  3개월
,,오케타니,(주)닥터조앤리,2016-05-02,4년  7개월
,,클린보이,씨비케이엔터프라이즈(주),2014-03-01,6년  9개월
,,별밤지기,(주)한음,2007-05-03,13년  7개월
,,루쏘소,(주)루쏘소에프앤에프,2007-09-16,13년  3개월
,,CHOSIM(초심),(주)아이센스티앤씨,2018-11-01,2년  1개월
,,케이팝스타코인노래방,(주)태진전자시스템,2016-11-10,4년  1개월
,,키즈카페릴리펏(Lilliput),(주)릴리펏,2014-06-11,6년  6개월
,,친정맘산후도우미,친정맘산후도우미,2010-06-01,10년  6개월
,,하우스터디스터디카페,(주)하우스터디,2019-02-14,1년  10개월
,,플레이(pley),(주)플리스터,2017-03-04,3년  9개월
,,공간샘스터디카페,샘랩(주),2018-02-02,2년  10개월
,,북카페심심푸리,(주)비에스에프앤비,2016-04-15,4년  8개월
,,하우스터디,(주)하우스터디,2017-02-15,3년  10개월
,,아이미래로,미래앤꿈,2018-08-14,2년  4개월
,,칼라시대(COLORSIDAE),(주)칼라시대,2007-08-23,13년  4개월
,,토즈(TOZ),(주)피투피시스템즈,2003-11-29,17년  1개월
,,핸디맨닥터,(주)핸디맨닥터,2011-02-28,9년  10개월
,,짱오락실,(주)짱,2016-11-10,4년  1개월
,,주니아빠,관우홈케어,2019-09-07,1년  3개월
,,공부인 스터디카페,공부인스터디카페가맹본부,2019-02-11,1년  10개월
,,타임유 스터디카페,타임유,2018-12-15,2년  0개월
,,베이비파스텔스튜디오,㈜파스텔,2015-08-05,5년  4개월
,,점핑몬스터,(주)루치아컴퍼니,2018-06-28,2년  6개월
,,21세기하우징,(주)21세기하우징,2009-01-22,11년  11개월
,,비허밍스터디카페,(주)패스네이트,2019-01-31,1년  11개월
,,벨킨스(VELKINS),(주)벨킨스,2011-10-18,9년  2개월
,,올나노,(주)아이메이드,2016-05-01,4년  7개월
,,KT콜택시,KT콜택시.효진,2009-11-13,11년  1개월
,,마스터키,(주)엠케이컴퍼니,2016-04-05,4년  8개월
,,멘토즈,(주)공간몬스터,2019-09-20,1년  3개월
,,포텐스터디카페,포텐스터디카페(4TEN),2018-07-21,2년  5개월
,,에스엠천사,(주)에스엠천사,2004-05-03,16년  7개월
,,촘촘망,(주)텍스토머,2015-04-01,5년  8개월
,,산모피아,(주)산모피아,2005-10-12,15년  2개월
,,봉봉키즈,(주)봉봉코리아,2016-08-22,4년  4개월
,,통툰,(주)함백아이엔씨,2017-04-11,3년  8개월
,,드림앤가(드림&가),드림가,2016-08-03,4년  4개월
,,황금빗자루,황금빗자루,2017-03-05,3년  9개월
,,크린빌세탁,크린빌세탁,2016-04-08,4년  8개월
,,하트맘케어(Heartmamcare),하트맘케어,2016-07-01,4년  5개월
,,스마트데이터복구,(주)스마트데이터복구에스디알,2019-12-23,1년  0개월
,,사랑마루,(주)사랑마루,2006-07-20,14년  5개월
,,더공간스터디카페,(주)더공간,2017-06-01,3년  6개월
,,인스케어,(주)인스케어코어,2009-09-01,11년  3개월
,,모던필라테스 대구경북지부,(주)모던필라테스,2010-11-05,10년  1개월
,,아이에이이유학네트,에듀하우스(주),1996-08-21,24년  4개월
,,방구방역,방구방역,2017-10-28,3년  2개월
,,홀릭스터디카페,홀릭스터디카페,2018-12-21,2년  0개월
,,인스&슬라임,(주)더캠트사업본부,2018-12-18,2년  0개월
,,심리카페멘토,(주)느린마을멘토,2017-02-14,3년  10개월
,,폰케이스몰,(주)씨엠,2011-06-25,9년  6개월
,,화이트펜슬(white pencil),(주)네오플레너스,2019-04-25,1년  8개월
,,셀디(SELDY),(주)셀디,2018-06-01,2년  6개월
,,스터디카페공간,(주)하드투포겟공간,2018-05-12,2년  7개월
,,한양아이소리,(주)한양아이소리,2016-04-28,4년  8개월
,,젠요가,(주)젠요가,2014-05-14,6년  7개월
,,오락카페,(주)패밀리존,2016-12-20,4년  0개월
,,비즈온,비즈앤택스(주),2014-04-21,6년  8개월
,,헬로스마일(HELLOSMILE),(주)헬로스마일,2015-09-16,5년  3개월
,,디아망,㈜네오플레너스,2017-05-25,3년  7개월
,,우렁각시,라이프매직케어협동조합,2018-05-11,2년  7개월
,,크라스플러스(cras+),(주)굿디자인플랜,2014-12-17,6년  0개월
,,HOTELIV,(주)이웃벤처,2018-09-27,2년  3개월
,,키네스성장센터,(주)키네스,2004-06-30,16년  6개월
,,해피헬퍼,(주)해피케어,2012-08-25,8년  4개월
,,더하노이풋앤바디,(주)더하노이,2019-05-31,1년  7개월
,,씨엔티 스터디센터,씨엔티테크(주),2016-12-23,4년  0개월
,,슈가맨워크,㈜슈가맨워크,2018-10-19,2년  2개월
,,참손길,참손길공동체협동조합,2015-11-06,5년  1개월
,,INTO STUDY PLACE(인토스터디플레이스),(주)인토에스디,2019-04-11,1년  8개월
,,브레인트레이닝상담센터,(주)브레인트레이닝센터,2014-04-02,6년  8개월
,,서당 스터디라운지,(주)서당,2019-03-01,1년  9개월
,,쉼스파,(주)씨엠에이인터내셔널,2009-03-03,11년  9개월
,,코인락스타노래연습장,(주)라이온에프지,2017-02-12,3년  10개월
,,이제마스터디카페,제로쉐도우(주),2019-10-03,1년  2개월
,,아리엘키퍼,아리엘협동조합,2019-12-31,1년  0개월
,,스타간판,스타간판,2018-04-23,2년  8개월
,,바로연,(주)바로연결혼정보,2008-01-30,12년  11개월
,,오감키즈카페 꼼지락,꼼지락,2018-07-03,2년  5개월
,,슈퍼스타트,(주)슈퍼스타트,2016-06-01,4년  6개월
,,지투존(G2ZONE),(주)글로벌이노베이션,2016-08-31,4년  4개월
,,해피베이비,(주)해피비즈라이프,2014-12-02,6년  0개월
,,이스케이프탑,(주)이스케이프탑,2018-12-01,2년  0개월
,,버그헌터119,버그헌터119,2017-08-01,3년  4개월
,,더놀다,슬라임더놀다,2019-04-16,1년  8개월
,,왁싱랩,왁싱랩코리아,2018-03-02,2년  9개월
,,내맘엔심리상담,(주)마인드엔(MindN),2015-06-01,5년  6개월
,,탑플라이트 스터디카페,탑플라이트(주),2018-10-10,2년  2개월
,,나노플렉스(Nanoflex),(주)오픈코리아,2019-07-01,1년  5개월
,,골든스터디카페,(주)에이치제이리치컴퍼니,2018-10-29,2년  2개월
,,리게인스터디카페,(주)함백아이엔씨,2019-08-09,1년  4개월
,,우리함께 주간보호센터,(주)마이아이덴티티,2019-01-26,1년  11개월
,,빚다도예공방,빚다,2011-06-20,9년  6개월
,,스터디박스,집중스터디카페,2019-07-15,1년  5개월
,,힐링엔젤스,(주)에이치에이엔,2019-10-01,1년  2개월
,,비지팅엔젤스 주야간보호,(주)비지팅엔젤스코리아,2015-06-02,5년  6개월
,,코인몬스터,(주)맥스원이링크,2019-09-28,1년  3개월
,,수파두파,투플레이컴퍼니(주),2016-05-30,4년  7개월
,,포니모니뮤지컬,(주)포니모니뮤직,2018-03-02,2년  9개월
,,아리아케어 주야간보호센터,(주)아리아케어코리아,2020-03-09,0년  9개월
,,휴렉(HULEC),(주)휴렉,2018-08-01,2년  4개월
,,하운스스터디카페,하운스스터디카페가맹본부,2018-12-24,2년  0개월
,,유해피심리상담센타,유해피,2014-07-30,6년  5개월
,,아리아케어 주야간보호센터,(주)아리아케어코리아,2020-03-09,0년  9개월
,,성수미술관,성수미술관,2019-04-24,1년  8개월
,,아리아케어 주야간보호센터,(주)아리아케어코리아,2020-03-09,0년  9개월
,,아리아케어 주야간보호센터,(주)아리아케어코리아,2020-03-09,0년  9개월
,,뮤피아,(주)뮤피아엔터테인먼트,2018-01-12,2년  11개월
,,더라이브러리 The Library,(주)더라이브러리,2019-08-01,1년  4개월
,,모혜성산후도우미,(주)모혜성,2016-11-30,4년  1개월
,,예찬365일데이케어,예찬아이엔씨,2014-06-13,6년  6개월
,,HR인(에이치알인),(주)에이치알심리상담센터,2019-10-01,1년  2개월
,,봄소리산후도우미,봄소리산후도우미,2016-10-01,4년  2개월
,,작심스페이스,(주)아이엔지스토리,2018-04-11,2년  8개월
,,캔두스터디카페,캔두스터디카페가맹사업점,2019-09-08,1년  3개월
,,웰킨두피탈모센터,(주)코비스타,2006-06-22,14년  6개월
,,아띠앙쥬(ATTIANGE),(주)아이윈,2017-06-26,3년  6개월
,,슬라임 팡팡,(주)착한유통,2019-01-01,1년  11개월
,,이룸스터디카페,(주)이룸센터,--,0년  0개월
,,드론군단아카데미,드론군단협동조합,--,0년  0개월
,,가방수선하는남자,가방수선하는남자,--,0년  0개월
,,수피아벌룬,수피아벌룬,--,0년  0개월
,,국민로또,(주)국민네트웍스,2020-04-06,0년  8개월
,,파티수,파티수,2018-08-25,2년  4개월
,,휴먼디자인,에이치디건설협동조합,--,0년  0개월
,,별하라운지,(주)별하,--,0년  0개월
,,오리진스터디카페24,(주)선디자인팩토리,--,0년  0개월
,,스페이스 샘,샘랩(주),--,0년  0개월
,,배달커피,(주)비디컴퍼니,--,0년  0개월
,,더베스트,㈜더베스트,--,0년  0개월
,,더킹 스터디카페(THE KING STUDY CAFE),(주)티앤지에프씨,2020-11-30,0년  1개월
,,바이이연,이연,--,0년  0개월
,,십리향,풍(십리향),--,0년  0개월
,,아리랑아구찜,에이와이푸드,--,0년  0개월
,,북앤빅뱅,북앤빅뱅(주),2014-04-21,6년  8개월
,,딜웨이 키즈라이더,(주)딜웨이홀딩스,--,0년  0개월
,,다짐,덴포스타,2017-04-18,3년  8개월
,,드론군단,프리헬리캠,2018-03-25,2년  9개월
,,로웰클래스,(주)지알씨앤비인터내셔널,2020-05-21,0년  7개월
,,코코리(COCORY),(주)코코리색채연구소,--,0년  0개월
,,에코퓨리,(주)상상한자리,2020-04-21,0년  8개월
,,리 에스테틱,리에스테틱&스파,--,0년  0개월
,,바소카페,바소,--,0년  0개월
,,골프N커스텀,(주)커스텀엑스,2020-03-19,0년  9개월
,,스터디 위드,(주)위드,--,0년  0개월
,,쇼쿠지,(주)이움,--,0년  0개월
,,신선식탁,(주)신선식탁,--,0년  0개월
,,올라스터디카페,(주)올라,--,0년  0개월
,,심쿵피어싱,심쿵피어싱,--,0년  0개월
,,리틀 뮤아센,(주)아임갤러리,--,0년  0개월
,,이루리디자인연구소,이루리한복,2016-08-01,4년  4개월
,,티앤북스(TEANBOOKS),(주)플랜비커뮤니케이션,2016-06-17,4년  6개월
,,메리메이드,(주)메리메이드코리아,2020-04-29,0년  8개월
,,다다르다,(주)다다르다,--,0년  0개월
,,열공다방스터디카페,(주)헤이제이,--,0년  0개월
,,올라라이브러리(holalibrary),(주)올라라이브러리,--,0년  0개월
,,독고,(주)한음,--,0년  0개월
,,카카오T골드(kakaoTgold),(주)케이엠솔루션,--,0년  0개월
,,엠브레스 마인드 심리상담센터,(주)엠브레스심리연구소,2020-01-01,0년  11개월
,,예스홈,(주)예솜,--,0년  0개월
,,행복한요양원,(주)실버킹,2015-01-14,5년  11개월
,,이사시대,㈜이사시대,2019-06-01,1년  6개월
,,퍼스트클레스,(주)더퍼스트클레스,2016-05-01,4년  7개월
,,"파티, 하라","파티,하라",--,0년  0개월
,,디바인핸즈,디바인핸즈,2017-09-20,3년  3개월
,,히어로키즈파크,(주)히어로키즈파크,2017-06-02,3년  6개월
,,디엘 프렌즈(diel friends),(주)디엘홀딩스,--,0년  0개월
,,바니슬라임,멜랑바니,--,0년  0개월
,,스크린만화방,(주)모컴테크,--,0년  0개월
,,트리플에이커피,(주)트리플컴퍼니,--,0년  0개월
,,반딧불이 홈케어 서비스,(주)이지코퍼레이션,--,0년  0개월
,,푼양이김치찌개,피와이아이푸드,--,0년  0개월
,,우리로또,(주)국민네트웍스,--,0년  0개월
,,미가람스터디카페,(주)목경,2020-02-13,0년  10개월
,,피자스톰,이엠씨에프앤비,--,0년  0개월
,,하임공방,하임공방,--,0년  0개월
,,플랜에이치헤어,플랜에이치,--,0년  0개월
,,반딧불이,(주)이지코퍼레이션,2005-07-05,15년  5개월
,,셰프와친구들,(주)나은솔루션,2020-04-20,0년  8개월
,,프로터치,제일종합관리서비스(주),2020-01-01,0년  11개월
,,빽씬(Bagthin),파파애드,--,0년  0개월
,,에듀하임,넥스큐브코퍼레이션(주),2020-06-18,0년  6개월
,,온맘터치요양원,온맘터치협동조합,--,0년  0개월
,,에이지너리14,(주)심플맨,--,0년  0개월
,,에이치모바일,(주)에이치,--,0년  0개월
,,바콤119,(주)바콤,--,0년  0개월
,,아침의 부엌,아침의부엌,--,0년  0개월
,,프린트카페(Print cafe),(주)잉크와오피스,--,0년  0개월
,,빨간거 짱구네 하얀거,레시피랩짱구,--,0년  0개월
,,비지팅엔젤스요양시설,(주)비지팅엔젤스코리아,2016-04-01,4년  8개월
,,카페24창업센터,카페24(주),2011-10-20,9년  2개월
,,빅뱅,북앤빅뱅(주),2000-04-28,20년  8개월
,,허그맘허그인,(주)허그맘허그인심리상담센터,2012-10-01,8년  2개월
,,아카데미라운지,아카데미라운지(주),2015-06-13,5년  6개월
,,만화카페 벌툰,(주)아이센스에프앤비,2016-06-21,4년  6개월
,,중장비통,(주)동창인프라휴먼,--,0년  0개월
,,멜랑바니,멜랑바니,2019-01-10,1년  11개월
,,머니박스(MoneyBox),(주)머니박스,--,0년  0개월
,,온맘터치 방문요양,온맘터치협동조합,2019-10-15,1년  2개월
,,살롱드비숑,비손비격,--,0년  0개월
,,벨라비타,벨라비타(주),--,0년  0개월
,,젤리죔죔,(주)씨와이에프앤씨,2020-04-03,0년  8개월
,,카피카피룸룸,서울디지털인쇄협동조합,2019-04-01,1년  8개월
,,쉬운 운동〔Medi&Healing〕P.T Club,요가,--,0년  0개월
,,홈버틀러,(주)통인에이치앤씨,2019-02-01,1년  10개월
,,노벨스터디카페,(주)포메이션투,2020-04-29,0년  8개월
,,거북이의기적,(주)거북이의기적,--,0년  0개월
,,셀독24스터디카페,(주)셀독24,2020-05-29,0년  7개월
,,벌룬프로젝트,(주)벌룬프로젝트스튜디오,--,0년  0개월
,,소마드로잉카페,(주)놀숲,--,0년  0개월
,,토즈스터디카페,(주)피투피시스템즈,2020-03-26,0년  9개월
,,지니24스터디카페,지니24스터디카페,--,0년  0개월
,,와이드스터디카페,와이드스터디카페,--,0년  0개월
,,프레쉬 스터디카페,(주)프레쉬,--,0년  0개월
,,벌레잡는 총각들,(주)벌레잡는총각들,2020-04-02,0년  8개월
,,우리두리아동발달센터,우리두리아동발달센터,--,0년  0개월
,,점프노리키즈카페,(주)아이윈엔터프라이즈,2013-04-12,7년  8개월
,,콩툰만화카페,(주)훌륭,2015-12-09,5년  0개월
,,오셀라스(OCELAS),(주)씨엠에이인터내셔널,2011-06-07,9년  6개월
,,크라이오존,(주)크라이오존,2018-10-10,2년  2개월
,,마더앤베이비,웰니스인텔리전스(주),2014-08-01,6년  4개월
,,GDF (지디에프),광주디자인협동조합,2014-05-26,6년  7개월
,,샤인나노케어,샤인나노,2020-01-01,0년  11개월
,,올더카,올더카,--,0년  0개월
,,공본스터디카페,(주)공본,--,0년  0개월
,,엔아르케(EN ARCHE),엔아르케스터디센터,2018-11-07,2년  1개월
,,다시옷,(주)살림,--,0년  0개월
,,머큐어(Mercure),(주)에이에이호텔매니지먼트,2012-05-22,8년  7개월
,,알지오,(주)알지오,2018-08-28,2년  4개월
,,포토이즘,포토이즘,--,0년  0개월
,,모컴 플렉스,(주)모컴테크,--,0년  0개월
,,하나방역,하나방역,--,0년  0개월
,,셀픽스(Selpix),지에스테크니컬,2020-04-27,0년  8개월
,,성공스터디카페,성공스터디카페,--,0년  0개월
,,비앤아이(BNI),(주)BNI코리아,--,0년  0개월
,,케어앤로 상담센터,(주)케어앤로,2020-07-13,0년  5개월
,,타다,브이씨엔씨(주),--,0년  0개월
,,박스풀(BOXFUL),(주)박스풀,--,0년  0개월
,,셀프와인,(주)정우인터내셔널,2006-03-05,14년  9개월
,,컴앤픽스,인터베이스,2009-11-30,11년  1개월
,,크리니트,(주)크리니트,2003-10-01,17년  2개월
,,힐앤힐(HILL&HEEL),(주)힐앤힐,2015-07-29,5년  5개월
,,바짝,티디아이(주),2018-01-11,2년  11개월
,,스터디카페 반(Vän),(주)스페이스반,--,0년  0개월
,,아하데이스파(AHA DAY S.P.A.),(주)아하웰니스,--,0년  0개월
,,HENZ music studio(헨즈뮤직스튜디오),헨즈(HENZ),--,0년  0개월
,,영영키친,(주)영영키친,--,0년  0개월
,,그레이슈가링,그레이슈가링,--,0년  0개월
,,데일리스터디카페,(주)데일리스페이스,--,0년  0개월
,,닥터스케일,와우인터내셔널(닥터스케일),--,0년  0개월
,,기본스터디카페,(주)트리시스,--,0년  0개월
,,따르릉,(주)따르릉통신,--,0년  0개월
,,큐룸,상생,--,0년  0개월
,,게이트 스터디카페(Gate Study Cafe),(주)팀에프지,--,0년  0개월
,,온맘터치 주야간보호센터,온맘터치협동조합,--,0년  0개월
,,빛나 스터디카페,(주)글로리어스,--,0년  0개월
,,솔로크린(solo clean),위드프랜차이즈,--,0년  0개월
,,아띠,아띠,--,0년  0개월
