브랜드,상호,창업비용
평균,-,"309,872
(1.00)"
두반닭,(주)바인인터내셔날,"374,014,740
(1207.00)"
다담뜰 한식뷔페,(주)다담뜰,"678,800
(2.19)"
소플러스,(주)엔조이푸드시스템,"657,162
(2.12)"
하누소,(주)하누소푸드시스템,"624,730
(2.02)"
쌍교숯불갈비,(유)쌍교프라임농업회사법인,"618,226
(2.00)"
날마다대박나는집,(주)명진푸드,"555,500
(1.79)"
날마다대박나는집,(주)명진푸드,"555,500
(1.79)"
불끈낙지,예스람,"445,000
(1.44)"
새벽나주곰탕,(주)보성녹돈,"423,700
(1.37)"
조선갈비실록,(주)이바돔,"421,500
(1.36)"
별미지교,다옴에프엠에스(주),"399,374
(1.29)"
돔베초밥,(유)지민,"398,800
(1.29)"
일편등심,한결,"388,900
(1.26)"
채선당,(주)채선당,"379,280
(1.22)"
코다차야,(주)코다,"372,480
(1.20)"
한라담,(주)디딤,"370,800
(1.20)"
별미샤브,다옴에프엠에스(주),"366,317
(1.18)"
가인채,(주)가인채,"357,500
(1.15)"
반주(BANJOO),(주)캘리스코,"342,400
(1.10)"
꽃마름,(주)에스에프에프에스,"331,000
(1.07)"
미소육화,미소육화푸드시스템,"326,710
(1.05)"
더도이종가집돼지국밥,(주)더도이종가집,"319,000
(1.03)"
빛뜰,(주)하나에프씨,"318,000
(1.03)"
임성근 국가공인진갈비,(주)마루벌,"316,900
(1.02)"
마루앤국시,마루앤F/D,"308,100
(0.99)"
샤브애샐러드바,(주)다올에프씨,"304,600
(0.98)"
신포가빈,(주)신포가빈,"302,944
(0.98)"
건강밥상 심마니,(주)엠푸드,"298,700
(0.96)"
갈비명가 궁,(주)지에스이푸드,"298,100
(0.96)"
낙원갈비집,(주)행복을만드는사람들,"294,630
(0.95)"
갈비만,찰만f&c,"283,500
(0.91)"
개정,(주)동원기업,"283,000
(0.91)"
보리밥보쌈전문점보릿골,(주)브이오비(VOB),"279,400
(0.90)"
길성이,(주)길성이,"277,120
(0.89)"
만파식적,(주)만파식적,"276,900
(0.89)"
만수미당,(주)새모양에프앤비,"276,400
(0.89)"
달빛에구운고등어,(주)새모양에프앤비,"276,400
(0.89)"
돈까스잔치,(주)에프씨천상,"273,400
(0.88)"
아라쭈꾸미,(주)리온코리아,"271,125
(0.87)"
콩밭에고등어,(주)풀잎채,"264,000
(0.85)"
강산면옥,(주)강산면옥,"262,031
(0.85)"
메기매운탕전문점아우라지,(주)브이오비(VOB),"257,400
(0.83)"
홍게데이(HONGGEDAY),(주)에이치지푸드,"254,800
(0.82)"
제주도야지판,(주)이바돔,"253,600
(0.82)"
박주억 강원도집,㈜공존,"249,900
(0.81)"
추담추어정,(주)리더스에프앤비,"247,600
(0.80)"
류근모와열명의농부,농업회사법인(주)열명의농부,"246,070
(0.79)"
이바돔 외식 Family,(주)이바돔,"244,800
(0.79)"
이바돔감자탕,(주)이바돔,"244,800
(0.79)"
Grocery101shabu,카페(cafe)마실,"242,100
(0.78)"
일산생갈비,(주)엔조이푸드시스템,"241,162
(0.78)"
놀부유황오리진흙구이,(주)놀부,"240,780
(0.78)"
미스터시래기,(주)푸드앤이노베이션,"239,200
(0.77)"
샤브20,(주)에스이컴퍼니,"238,750
(0.77)"
만석장,(주)만석푸드패밀리,"238,596
(0.77)"
황장군,(주)가우정푸드,"237,800
(0.77)"
광장갈비,광장갈비,"237,300
(0.77)"
가리본가,가리본가본점,"237,150
(0.77)"
오릿대,농업회사법인(주)주원산오리,"233,630
(0.75)"
전라도이야기,전라도이야기,"232,800
(0.75)"
1954 무한등심,(주)거성엔터프라이즈,"232,200
(0.75)"
복사꽃피는집,(주)대륜에프앤에스,"227,100
(0.73)"
0919여수돌문어,여수돌문어,"226,152
(0.73)"
다솥맛집,(주)다솥,"225,090
(0.73)"
착한돼지,(주)착한푸드,"221,975
(0.72)"
더갈비,더갈비,"219,500
(0.71)"
한채쭈꾸미,한채쭈꾸미,"219,052
(0.71)"
불고기브라더스,(주)이도감농업회사법인,"218,900
(0.71)"
대운정,대운알앤에이치(주),"216,940
(0.70)"
봄채향,(주)이밥스,"216,400
(0.70)"
토부가,(주)이밥스,"216,400
(0.70)"
궁채,(주)이밥스,"216,400
(0.70)"
솔청면옥,(주)이밥스,"216,400
(0.70)"
유명진의육미정담,(주)명진푸드,"216,200
(0.70)"
정가대박집,(주)정웅,"215,400
(0.70)"
바다향왕코다리,(주)엑츠에프씨,"211,200
(0.68)"
고기와국수이야기,고기와국수이야기,"209,900
(0.68)"
일등가,(주)더올바른,"208,440
(0.67)"
엉터리 해장국&감자탕&곱창전골,(주)엉터리,"205,800
(0.66)"
해장옥,해장옥(주),"205,800
(0.66)"
유명진의육미정담,(주)명진푸드,"205,700
(0.66)"
쭈꾸쭈꾸아,쭈꾸쭈꾸아,"205,530
(0.66)"
행복굽는돼지집딸,돼지집딸,"204,320
(0.66)"
온누리쭈꾸미,(주)온누리푸드시스템,"204,000
(0.66)"
도도한돈,도도한돈,"203,600
(0.66)"
명장복집&24시명장복국,명장복집,"203,500
(0.66)"
맛소우서울칼국수,(주)이밥스,"202,400
(0.65)"
가소,(주)지엔푸드,"202,200
(0.65)"
공손한 소먹으면 돼지,(주)월드씨푸드,"201,000
(0.65)"
한와담,(주)호박패밀리,"200,100
(0.65)"
백억하누,100푸드,"200,000
(0.65)"
신가네정읍국밥,농업회사법인유한회사신가네,"199,898
(0.65)"
엉터리생고기 두번째이야기 무한삼겹,(주)엉터리,"199,700
(0.64)"
장윤조가마솥국밥,(주)아라에프엔비,"198,700
(0.64)"
개인화로 한우전문 미소,개인화로한우전문미소,"197,800
(0.64)"
온채당,(주)비본코리아,"196,950
(0.64)"
정성으로 빚은 만두고을,서효원,"196,780
(0.64)"
코다리밥상,(주)올댓컴퍼니,"196,100
(0.63)"
아구좋은날,(주)올댓컴퍼니,"196,100
(0.63)"
남자마늘보쌈,(주)미스터쿡,"195,850
(0.63)"
육풍,(주)보담,"195,550
(0.63)"
본가,(주)더본코리아,"193,940
(0.63)"
대동,(유)대동상회,"193,600
(0.62)"
남포동 직화 쭈꾸미,(주)이엔지스토리,"192,500
(0.62)"
남다른감자탕(男다른감子탕),(주)보하라,"192,168
(0.62)"
육대장,(주)육대장,"192,080
(0.62)"
동방축산,동방축산,"192,000
(0.62)"
해우리,㈜해우리홀딩스,"191,300
(0.62)"
수라섬,(주)비본코리아,"189,470
(0.61)"
생생4계절,(주)채선당,"189,170
(0.61)"
LA에서 훔친 갈비,(주)오모가리컴퍼니,"189,120
(0.61)"
엉터리생고기,(주)엉터리,"188,700
(0.61)"
반반식당,(주)아라에프엔비,"188,700
(0.61)"
삼백집,(주)휴림,"188,450
(0.61)"
밥하기싫은날 후루룩손칼국수,밥하기싫은날,"188,100
(0.61)"
달인박경규항아리보쌈,항아리보쌈,"187,994
(0.61)"
한올면옥,한올식품(주),"187,550
(0.61)"
백년손님서서갈비,하나에프앤비,"187,000
(0.60)"
묵소,가득찬푸드,"186,900
(0.60)"
우렁두메골,(주)세신데코,"185,400
(0.60)"
오마이양대창,(주)행복한구이세상,"185,180
(0.60)"
호박식당,(주)호박패밀리,"184,690
(0.60)"
푸지막,(주)제이푸드에프씨,"184,610
(0.60)"
소래버섯나라,(주)소래버섯,"183,370
(0.59)"
맛찬들왕소금구이,(주)맛찬들,"182,500
(0.59)"
어신코뎅이,어신코뎅이,"181,000
(0.58)"
내가찜한닭,(주)마이푸드,"180,700
(0.58)"
원조의령소바,(주)의령소바,"180,500
(0.58)"
끝돈,(주)에프씨봉대박,"180,370
(0.58)"
돼지나라,돼지꿈,"179,000
(0.58)"
육장장이,착한맘굿쉐프,"179,000
(0.58)"
미스터쭝,미스터쭝,"178,910
(0.58)"
돕 감자탕전문점,(주)돕,"178,120
(0.57)"
빚은,(주)에스피씨삼립,"177,250
(0.57)"
통큰낙지,남산에프앤씨,"176,000
(0.57)"
반할맛으로 값어치하는 소고깃집,(주)끼니,"176,000
(0.57)"
미스터낙지,미스터낙지,"175,500
(0.57)"
족발꾼,꾼컴퍼니,"175,250
(0.57)"
한상바오와갈비,(주)한상바오,"175,104
(0.57)"
댓짱돈까스,(주)댓짱돈까스,"175,060
(0.56)"
해남김치식당,피플스컴퍼니,"174,700
(0.56)"
망향비빔국수,블루밀,"174,300
(0.56)"
귀품찬,(주)본앤쿡코리아,"173,300
(0.56)"
축제갈비,(주)마루벌,"173,100
(0.56)"
오복미역,(주)오복푸드,"172,750
(0.56)"
파육장,(주)용마을,"172,500
(0.56)"
물고기,원영미트,"172,400
(0.56)"
풍요갈비왕국,통큰오리착한삼겹,"172,323
(0.56)"
마장동김씨,씨컴퍼니,"172,200
(0.56)"
마장동김씨,씨컴퍼니,"172,200
(0.56)"
후원,(주)이랜드이츠,"171,600
(0.55)"
누리마을감자탕,(주)영일유통,"171,300
(0.55)"
쿡감,(주)쿡감,"171,170
(0.55)"
명륜진사갈비,(주)명륜당,"170,940
(0.55)"
수생목,수생목푸드,"170,200
(0.55)"
온누리장작구이,(주)온누리푸드시스템,"169,890
(0.55)"
동곡꽃게장,동곡꽃게장,"169,630
(0.55)"
진원 소우,진원소우,"169,500
(0.55)"
떡공방다락,떡공방다락,"168,900
(0.55)"
새싹정원,(주)씨티오푸드인터내셔날,"168,500
(0.54)"
돼지만,찰만f&c,"168,000
(0.54)"
한신포차,(주)더본코리아,"167,330
(0.54)"
육쌈냉면,(주)육쌈,"167,280
(0.54)"
원청담면옥,(주)원두프,"167,200
(0.54)"
봉대박찜닭,(주)에프씨봉대박,"166,950
(0.54)"
구어찌,(주)제이푸드,"166,700
(0.54)"
소도둑,(주)와이비케이홀딩스,"166,200
(0.54)"
산들바람,(주)강산면옥,"166,150
(0.54)"
유가네 한우곰탕,(주)유가네,"166,100
(0.54)"
곽만근갈비탕,(주)곽푸드에프씨,"166,040
(0.54)"
개미집,(주)낙지볶음개미집,"166,000
(0.54)"
뼈큰감자탕,(주)뚝심푸드,"164,500
(0.53)"
청와삼대,(주)봄봄,"164,200
(0.53)"
팔당냉면,농업회사법인푸드앤소울(주),"164,150
(0.53)"
곽만근갈비탕이야기,(주)곽푸드에프씨,"164,040
(0.53)"
한옥집김치찜,(주)한옥집에이치큐,"164,000
(0.53)"
화사랑화로구이,(주)에프엘푸드시스템,"163,950
(0.53)"
영하당감자탕,(주)영하,"162,900
(0.53)"
알찬하루,알찬하루,"162,850
(0.53)"
쌈촌,(주)쌈촌패밀리,"162,800
(0.53)"
마마쿡(MAMACOOK),(주)제이에스드림,"162,570
(0.52)"
무한리필통큰소,(주)통큰가족,"162,300
(0.52)"
오늘한점,(주)우용에프앤비,"162,295
(0.52)"
해양산,해양산,"162,268
(0.52)"
일산오골계숯불구이,일산오골계숯불구이,"162,030
(0.52)"
예향정,"(주)디케이코리아(D.KKOREACo.,LTD)","162,000
(0.52)"
스톤 336,(주)디딤돌푸드시스템,"161,400
(0.52)"
하솜면가 육전메밀,(주)하솜면가,"161,238
(0.52)"
마중물추어탕,마중물추어탕,"161,200
(0.52)"
강가네해물섞어찜,강가네해물섞어찜대방점,"161,150
(0.52)"
삼화식당1972,(주)고릴라에프앤디,"160,815
(0.52)"
도토리편백집,(주)에이컨,"160,500
(0.52)"
한쌈대패,한쌈대패,"160,190
(0.52)"
만복한쭈꾸미낙지볶음,만복이쭈꾸미낙지볶음,"160,100
(0.52)"
맛나감자탕,리브가푸드시스템(주),"159,900
(0.52)"
곱돌이곱창,(주)지디프랜차이즈,"159,600
(0.52)"
마포선장,(주)가족푸드,"159,550
(0.51)"
장가네 일품순두부,(주)일품순두부,"159,100
(0.51)"
드림숯불갈비,농업회사법인(유)두레,"159,000
(0.51)"
남강메기,(주)남강푸드시스템,"158,200
(0.51)"
바보형제쭈꾸미,(주)바보형제스토리,"157,950
(0.51)"
경복궁개성손만두,서울물류,"157,900
(0.51)"
박수연의 국가1등 삼겹대패,국가대패,"157,900
(0.51)"
하남돼지집,(주)하남에프앤비,"157,500
(0.51)"
더나은마을회관,(주)더나은에프앤디,"157,400
(0.51)"
낭만쭈꾸미,(주)낭만연구소,"157,300
(0.51)"
꾸지뽕숯불갈비,(주)유니버셜그룹,"157,100
(0.51)"
꾸지뽕 양념 숯불갈비,천사꾸지뽕무한리필,"157,100
(0.51)"
심동보의언양불고기와육회,누렁소숯불,"156,900
(0.51)"
하루방뒷고기,(주)첨성대,"156,850
(0.51)"
이서하 서하불고기,(주)이조푸드,"156,800
(0.51)"
비스트로 분당김치찜,(주)엘알디케이,"156,720
(0.51)"
놀부항아리갈비,(주)놀부,"156,719
(0.51)"
제주몬트락,(주)모닥홀딩스,"156,300
(0.50)"
창을 내겠소,(유)엔에스플랫폼컴퍼니,"156,200
(0.50)"
라라감자탕,라라,"156,200
(0.50)"
두남자찜닭,(주)두남자컴퍼니,"155,300
(0.50)"
이도춘양,(주)이도상점,"154,600
(0.50)"
조마루감자탕,(주)조마루,"154,478
(0.50)"
아구킹,(주)바른에프앤디,"154,000
(0.50)"
햇잎갈비,햇잎푸드(주),"153,500
(0.50)"
바담코다리네,(주)바담,"152,319
(0.49)"
바담코다리네,(주)바담,"152,319
(0.49)"
한티재,한티재,"151,600
(0.49)"
봉화산 설렁탕 전문점,(주)봉화산푸드,"151,600
(0.49)"
도시수산시장,(주)디딤,"151,564
(0.49)"
대패만,찰만f&c,"151,500
(0.49)"
자연고구마순감자탕,자연감자탕,"151,300
(0.49)"
해안식당,(주)다누,"151,300
(0.49)"
돈희극,더블유doubleu에프앤비,"151,300
(0.49)"
손찬,㈜손찬,"150,600
(0.49)"
오남매 감자탕,(주)오남매푸드,"150,400
(0.49)"
김혜경 제주항통갈치,제주항통칼치,"150,200
(0.48)"
대패갑1900,화꾸소흑도새기,"150,200
(0.48)"
숨쉬는 순두부,(주)에스앤에스숨,"150,130
(0.48)"
삼겹식당,삼겹식당,"150,050
(0.48)"
수촌마을,수촌마을체인본부,"150,000
(0.48)"
화통 500 ℃,더화통,"149,972
(0.48)"
한상차림 코다리명가,(주)한상차림코다리명가,"149,820
(0.48)"
순흥골,(주)델리앤,"149,370
(0.48)"
사재감참숯왕소금구이,(주)사재감,"149,300
(0.48)"
신미경정통춘천닭갈비,정통춘천닭갈비,"149,300
(0.48)"
한촌설렁탕,(주)이연에프엔씨,"149,100
(0.48)"
어구미,제이엠인터내셔널(주),"148,200
(0.48)"
남도애꽃,(주)남도애꽃,"148,050
(0.48)"
샤브담,(주)지씨홀딩스,"147,750
(0.48)"
무한장소,(주)제이씨엠에프씨,"147,650
(0.48)"
성성식당,(주)더본코리아,"147,110
(0.47)"
안동국밥곰탕,케이엠에스,"147,000
(0.47)"
소고기아바이순대국,(주)빛솜푸드,"147,000
(0.47)"
황금코다리,(주)유니쉐프,"146,900
(0.47)"
소바애,소바애부천본점,"145,800
(0.47)"
두판닭갈비,윤미푸드,"145,750
(0.47)"
홍은이닭지그리,홍은이,"145,250
(0.47)"
거송갈비찜,(주)케이지컴퍼니,"145,080
(0.47)"
해논미역,해논산업1,"145,000
(0.47)"
明(명)가람갈비,(주)명가람푸드,"144,792
(0.47)"
어부의 밥상,(주)라온유통,"144,650
(0.47)"
삼훈국민생아구찜,(주)백경푸드시스템,"144,650
(0.47)"
삼육오 족발찜닭,(주)자연가득,"144,570
(0.47)"
반궁,(주)이랜드이츠,"144,312
(0.47)"
한길라갈비,(주)한길상회,"144,185
(0.47)"
황금명태본가,옥란식품,"144,000
(0.46)"
끝소,(주)에프씨봉대박,"143,800
(0.46)"
세영이네 보리굴비,(주)세영이네,"143,570
(0.46)"
육전국밥,(주)아라리,"143,550
(0.46)"
진고복식당,(주)풀잎채,"143,400
(0.46)"
청사월보리밥과쭈꾸미,(주)풀잎채,"142,800
(0.46)"
이정혁 계양 동태탕 동태찜,(주)신화식품,"142,491
(0.46)"
해늘찹쌀순대,(주)해늘,"141,998
(0.46)"
대패꽃필무렵,(주)다담에프앤비,"141,900
(0.46)"
한우와버거 5628,한우와버거5628,"141,450
(0.46)"
아!이맛이야 철판산성,아이맛이야철판구이,"141,400
(0.46)"
바른화로,(주)달콤한세상,"141,200
(0.46)"
단물곤물,단물곤물,"140,720
(0.45)"
해장꾹이,(주)우분트,"140,600
(0.45)"
곱품닭,(주)맛있는수다,"140,600
(0.45)"
신이내린족발과보쌈,(주)상진에프앤비,"140,520
(0.45)"
청국장과보리밥,농협회사법인(주)인건,"140,500
(0.45)"
백청우칼국수,백청우칼국수,"140,080
(0.45)"
송옥,(주)송옥엔,"139,800
(0.45)"
정광석 항아리보쌈,더나은푸드,"139,700
(0.45)"
일품장수미역,(주)장수푸드,"139,680
(0.45)"
뼈대있는 고수 돼지집,착한창업연구소씨엠아이,"139,640
(0.45)"
성경만두요리전문점,(주)성경에프앤에스,"139,250
(0.45)"
술낭구,DONGJUND.home(동준디홈),"139,200
(0.45)"
김경자소문난대구왕뽈찜,해듬(주),"139,200
(0.45)"
유성갈비,유성컴퍼니,"139,000
(0.45)"
제주등뼈가,(주)푸드윈,"138,600
(0.45)"
맷돌로만,농업회사법인(주)엠에스푸드,"137,750
(0.44)"
청년고기장수,청년히어로즈,"137,632
(0.44)"
일품투가리감자탕,(주)좋은우리,"137,550
(0.44)"
함흥제일 속초 코다리냉면,(주)선호에프앤비,"137,420
(0.44)"
백종원의원조쌈밥집,(주)더본코리아,"137,360
(0.44)"
황소갈비,(주)명성에프앤비,"137,270
(0.44)"
명태정가,명태정가,"137,200
(0.44)"
곱창이최고예요,곱창이최고예요(수송본점),"137,020
(0.44)"
육시리,티티씨에프,"137,000
(0.44)"
최정옥 미성복어불고기,(주)미성푸드시스템,"137,000
(0.44)"
전주24시참편한39콩나물국밥,(주)참편한칭구,"136,700
(0.44)"
편백가원,편백가원,"136,640
(0.44)"
더다함감자탕,더다함감자탕,"136,500
(0.44)"
통큰손쭈꾸미마을,(주)하늘샘,"136,450
(0.44)"
조리고,조리고,"136,400
(0.44)"
개성집,유황F&S,"136,100
(0.44)"
해빔,(주)제이푸드서비스,"135,900
(0.44)"
황금대구뽈,㈜티.케이.피,"135,500
(0.44)"
두꺼비식당,(주)아시아푸드리퍼블릭,"135,400
(0.44)"
네모오징어,(주)네모비앤에프,"135,350
(0.44)"
신마포갈매기,(주)디딤,"135,350
(0.44)"
백하돼지생갈비,(주)다함컴퍼니,"135,350
(0.44)"
본우리반상,본푸드서비스(주),"135,147
(0.44)"
삼교리동치미막국수,(주)삼교리,"135,000
(0.44)"
하누소갈비살,(주)하누소푸드시스템,"134,900
(0.44)"
구팔한우,신선푸드,"134,800
(0.44)"
삼계탕갈비탕고려홍삼삼계탕,고려홍삼삼계탕,"134,800
(0.44)"
생생낙지,(주)조마루,"134,780
(0.43)"
담소 소사골 순대 육개장,(주)담소이야기,"134,600
(0.43)"
도산서 갈비,(주)도산서갈비,"134,540
(0.43)"
사람사는고깃집김일도,(주)고릴라에프앤디,"134,525
(0.43)"
사람사는고깃집김일도,(주)고릴라에프앤디,"134,525
(0.43)"
2020돈우회관,올바른컴퍼니,"134,000
(0.43)"
샤브마니아,(주)한양에이치앤피,"133,900
(0.43)"
김미자당진아구동태찜탕,(주)케이엠제이코리아,"133,900
(0.43)"
이대감,(주)이대감에프앤비,"133,546
(0.43)"
논골집,정준유통,"133,420
(0.43)"
첨단한우국밥5900원,(주)디케이푸드,"133,150
(0.43)"
첨단돌솥감자탕,(주)디케이푸드,"133,150
(0.43)"
약선당,약선당(주),"132,900
(0.43)"
메밀골동해막국수,(주)해살이뜰,"132,800
(0.43)"
백년갈비외 1,장만호에프씨협동조합,"132,800
(0.43)"
미미담(美味啖),(주)호박패밀리,"132,450
(0.43)"
거북이동네,(주)거북이동네,"132,295
(0.43)"
갈비꽃,(주)갈비꽃,"132,100
(0.43)"
배양리두루치기,돈더미,"132,000
(0.43)"
소담설렁탕,(주)케이더블유프랜차이즈,"131,970
(0.43)"
죽향갈비안창집,(주)제이슨코리아,"131,940
(0.43)"
행복가마솥밥&알솥밥,(주)채선당,"131,707
(0.43)"
옥소반,(주)옥소반,"131,534
(0.42)"
큰돈쪽쪽갈비,큰돈쪽쪽갈비,"131,500
(0.42)"
엉뚱한삼겹살,엉뚱한삼겹살(본점),"131,500
(0.42)"
화요미,(주)풀잎채,"131,100
(0.42)"
담미온,(주)담미온에프앤비,"130,800
(0.42)"
송기원진주냉면,송기원진주냉면,"130,600
(0.42)"
어머나생고기,(주)스타프렌차이즈,"130,600
(0.42)"
청기와뼈다귀해장국,청기와뼈다귀해장국,"130,490
(0.42)"
종가삼대화로집,(주)티아이코스모스,"130,450
(0.42)"
안가,(주)안가,"130,400
(0.42)"
한교방,(주)한교방,"130,100
(0.42)"
한모둠,(주)미라지식품,"130,093
(0.42)"
더서민구이(The서민구이),(주)더드림에프씨,"129,900
(0.42)"
국제갈비,(주)에프엠투,"129,900
(0.42)"
육화미,육화미,"129,700
(0.42)"
용두동갈비,(주)가연푸드,"129,500
(0.42)"
홍익궁중전통육개장,(주)홍익푸드,"129,490
(0.42)"
최용석의 뼈큰청진동해장국,(주)뚝심푸드,"129,300
(0.42)"
속초명가,우성푸드,"129,300
(0.42)"
생고기대학교,푸드스토리,"129,300
(0.42)"
영산강오리탕,영산강오리탕,"129,300
(0.42)"
김덕후의차돌조,(주)김덕후컴퍼니,"129,300
(0.42)"
설해국,(주)동의보감농수산,"129,050
(0.42)"
정대박나주곰탕,(주)동의보감농수산,"129,050
(0.42)"
삼선미나주곰탕,(주)쌈촌패밀리,"129,050
(0.42)"
마부육전,마부육전스토리,"128,750
(0.42)"
항정사이,(주)제이에스와이푸드,"128,750
(0.42)"
문호리팥죽,문호리팥죽,"128,700
(0.42)"
JD인동주마을,인동주마을,"128,600
(0.42)"
조선화로집,(주)이바돔,"128,500
(0.41)"
일미리 금계찜닭,(주)일미리,"128,500
(0.41)"
명랑회관,(주)명랑식품,"128,450
(0.41)"
이을감자탕,이을감자탕봉덕점,"128,200
(0.41)"
남노갈비,(주)조이에프앤비,"128,200
(0.41)"
고기대통령,킹메이커,"128,050
(0.41)"
돈짝,돈짝,"127,822
(0.41)"
갈비명가 서서갈비,(주)지에스이푸드,"127,820
(0.41)"
족발중심,원앤원(주),"127,784
(0.41)"
우향,(주)로열푸드코리아,"127,740
(0.41)"
언덕집,(주)재복,"127,650
(0.41)"
유림상회,(주)성가,"127,600
(0.41)"
재주당,(주)소우주앤파트너스,"127,600
(0.41)"
인생설렁탕,(주)더본코리아,"127,540
(0.41)"
해물떡찜0410,(주)더본코리아,"127,428
(0.41)"
연안해물칼국수,(주)디딤,"127,375
(0.41)"
차돌6키로,(주)디딤,"127,375
(0.41)"
연안식당,(주)디딤,"127,375
(0.41)"
바다사랑,바다사랑본점,"127,210
(0.41)"
신사부대찌개&품격삼겹살,(주)신사의품격,"126,800
(0.41)"
별난돼지 김치찌개 & 뒷고기,아름애프앤씨(F&C),"126,200
(0.41)"
김사또산더미오리&탕,태일푸드,"126,000
(0.41)"
한통(한마리 통큰)정육식당,삼보미트&푸드,"125,830
(0.41)"
쎌빠,(주)쎌빠,"125,750
(0.41)"
한마음정육식당,(주)지피에프씨,"125,730
(0.41)"
옛날농장,(주)첨성대,"125,516
(0.41)"
차돌박사,(주)끼니,"125,500
(0.41)"
서해물총칼국수,(주)디딤,"125,375
(0.40)"
편장군족발,(주)편장군족발,"125,300
(0.40)"
데블스램&펍,데블스램&펍위례신도시점,"125,230
(0.40)"
고미꽃시래,고미꽃시래,"125,120
(0.40)"
토향,(주)토향,"125,100
(0.40)"
자연정가 양평해장국,(유)전라도푸드에프앤씨,"124,900
(0.40)"
진미국수,(주)디딤,"124,900
(0.40)"
조순금닭도리탕,조순금닭도리탕,"124,900
(0.40)"
제주돈식당,비에스엔알프랜차이즈,"124,650
(0.40)"
여우감자탕,(주)와이에프앤씨글로벌,"124,350
(0.40)"
브라이트스타,(주)브라이트스타,"124,220
(0.40)"
육공소,육공소,"123,800
(0.40)"
뚱뚱이할머니족발보쌈,(주)제이비에프씨,"123,780
(0.40)"
주원명가,농업회사법인(주)주원산오리,"123,740
(0.40)"
양평두물머리 해장국,(주)나라찬에프엔비,"123,250
(0.40)"
메르밀 진미집,(주)열한시오십분,"123,000
(0.40)"
서민돼지,(주)푸드리아,"122,900
(0.40)"
무교동유정낙지,(주)무교동유정낙지,"122,750
(0.40)"
백미옛날갈비,(주)백미에프에스티,"122,700
(0.40)"
흑도리,해피브릿지협동조합,"122,700
(0.40)"
애플삼겹살,(주)디딤,"122,670
(0.40)"
도리명가,D.RHOLDINGS,"122,150
(0.39)"
현풍닭칼국수,신칼,"122,100
(0.39)"
한국의 솜씨,(주)이에스로지스틱스,"122,100
(0.39)"
청춘대패,(주)솔빛씨앤씨,"121,880
(0.39)"
정일면옥,(주)정일,"121,800
(0.39)"
제주 흑다돈,영농조합법인돈마유통,"121,600
(0.39)"
장패(JANGPAE),장패체인사업본부,"121,260
(0.39)"
금강산감자탕,농업회사법인구삐(주),"121,201
(0.39)"
돌배기집,(주)더본코리아,"120,830
(0.39)"
서민식당 서서갈비,원영미트,"120,700
(0.39)"
팜팜대패,팜팜대패체인사업부,"120,580
(0.39)"
쌍다리돼지불백,(주)성북동이야기,"120,470
(0.39)"
미추냉삼,(주)디딤,"120,390
(0.39)"
어수지락,수림에프앤디,"120,150
(0.39)"
반반한명태가,(주)장보고푸드시스템,"120,140
(0.39)"
강릉장칼국수,(주)알에스푸드빌,"120,042
(0.39)"
후암편백,비스에프엔비,"119,900
(0.39)"
천하제일족발,(주)훌랄라,"119,750
(0.39)"
정코다리,(주)티.케이.피,"119,600
(0.39)"
생고기제작소,생고기제작소(주),"119,600
(0.39)"
경원해물찜아구찜,경원해물찜아구찜,"119,534
(0.39)"
연남숯불닭갈비,(주)디딤,"119,400
(0.39)"
692서서갈비,(주)에스이엔에프씨,"119,300
(0.38)"
진국본가,농업회사법인㈜진국본가,"119,300
(0.38)"
파파낙지,(주)테이스티컴퍼니,"119,125
(0.38)"
버섯잔치집,버섯잔치집,"119,050
(0.38)"
삼곱식당,삼곱푸드,"118,900
(0.38)"
청년보쌈,(주)엘에이치지,"118,600
(0.38)"
홍할매,(주)엘에이치지,"118,600
(0.38)"
해적면,(주)훌랄라,"118,600
(0.38)"
오리니,(주)엘에이치지,"118,600
(0.38)"
곱창민족,(주)엘에이치지,"118,600
(0.38)"
경성뼈대,(주)훌랄라,"118,600
(0.38)"
우스타,(주)엘에이치지,"118,600
(0.38)"
쫄삼예찬,(주)엘에이치지,"118,600
(0.38)"
정손식당,(주)엘에이치지,"118,600
(0.38)"
조선푸줏간,(주)훌랄라,"118,600
(0.38)"
수육신,(주)엘에이치지,"118,600
(0.38)"
황찜,(주)훌랄라,"118,600
(0.38)"
조선비빔,(주)훌랄라,"118,600
(0.38)"
아낌없이 주는 진미찜&탕,진미찜&탕,"118,500
(0.38)"
양철식당,(주)와이앤씨코리아,"118,500
(0.38)"
참이맛감자탕,(주)참이맛,"118,500
(0.38)"
월홍갈비,제이원푸드(주),"118,350
(0.38)"
꺼먹지명태조림,꺼먹지황태식품,"118,300
(0.38)"
이씨네푸줏간,이씨네푸줏간,"118,300
(0.38)"
명태밥상,명태밥상,"118,300
(0.38)"
반달전집,(주)디딤,"118,300
(0.38)"
시골애,(주)시골애,"117,700
(0.38)"
홍춘천,(주)훌랄라,"117,600
(0.38)"
족발쌀롱,족발쌀롱,"117,500
(0.38)"
면채반,(주)면채반,"117,400
(0.38)"
아구신랑콩나물색시,아콩수산,"117,400
(0.38)"
석쇠꾼,(주)휴링크에프씨,"117,400
(0.38)"
더도이축산직영점,(주)더도이종가집,"117,400
(0.38)"
도도랑,(유)도도랑,"117,350
(0.38)"
고래식당,(주)디딤,"117,255
(0.38)"
고래감자탕,(주)디딤,"117,255
(0.38)"
북창동순두부,(주)디코레,"117,200
(0.38)"
리가든다옴,리가든송천점,"117,200
(0.38)"
문창식갈비탕,(주)문창식,"117,200
(0.38)"
경성일번가,리가든송천점,"117,200
(0.38)"
진도리 닭도리탕,진도리F&B.CO,"117,200
(0.38)"
유가솜씨닭갈비,맛모아식품,"117,150
(0.38)"
현대옥,현대옥프랜차이즈,"117,005
(0.38)"
가얏골감자탕,지앤지푸드,"116,600
(0.38)"
광수네곱창&해장국,(주)장인푸드,"116,600
(0.38)"
조s해물포차,조스해물포차,"116,520
(0.38)"
김프로부대찌개,혜담,"116,300
(0.38)"
혼밥대장,(주)원더파트너스,"116,300
(0.38)"
마앤약감자탕해장국,청진동해장국,"116,300
(0.38)"
놀부보쌈족발,(주)놀부,"116,292
(0.38)"
진명인면옥,(유)명인푸드,"116,290
(0.38)"
목촌국민삼겹,(주)행운식품,"116,150
(0.37)"
하수련주왕산삼계탕,주왕산삼계탕부산경남본부,"116,000
(0.37)"
송정,(주)홍푸드,"116,000
(0.37)"
사랑채애,에프앤에스(주),"115,700
(0.37)"
이태원더고깃집,이태원더고깃집,"115,550
(0.37)"
명동칼국수샤브샤브,(주)명동,"115,500
(0.37)"
강촌식당,(주)이바돔,"115,300
(0.37)"
함양옻닭,함양옻닭,"115,300
(0.37)"
남도연,(주)남도푸드,"115,250
(0.37)"
수향그릴면가여름도겨울,제니스푸드시스템,"115,220
(0.37)"
왕뼈사랑,(주)오늘애,"115,200
(0.37)"
원할머니,원앤원(주),"115,121
(0.37)"
황금식당,(주)디딤,"115,055
(0.37)"
좋구먼반상,(주)맛있는상상,"115,050
(0.37)"
폭풍갈비,(주)대자푸드,"115,000
(0.37)"
전준수명품청기와감자탕,다니엘푸드,"115,000
(0.37)"
한림돈가,(주)네오플레이트,"115,000
(0.37)"
임창정의 대단한갈비,(주)예스아이엠패밀리,"114,630
(0.37)"
허재영의 묵사발,(주)다람쥐할머니에프씨,"114,585
(0.37)"
스테이크&부대찌개브라더스,(주)이도감농업회사법인,"114,400
(0.37)"
오매족,(주)오매족서면본점,"114,300
(0.37)"
제주양가네해물한상,(주)핵가족,"114,200
(0.37)"
숙성의미,㈜미담누리,"114,100
(0.37)"
감자탕의 거인,우리가메뉴코칭,"114,100
(0.37)"
손문대구막창갈매기살,(주)손문에프앤씨,"114,070
(0.37)"
흑백집,(주)에스엘에프앤비,"114,040
(0.37)"
홍대칼국수와족발,(주)다온에프엔비,"113,900
(0.37)"
한옥마을전주비빔밥,(주)풍년에프씨,"113,850
(0.37)"
숯칼손칼국수,엠제이더블유(주),"113,650
(0.37)"
소문난대구왕뽈찜,소문난대구왕뽈찜,"113,520
(0.37)"
최정규 팔당 원조 칼제비 보쌈,씨앤에스푸드(C&SFOOD),"113,342
(0.37)"
대건명가,프론티어F&B,"113,300
(0.37)"
육마니 옛날전통육개장,육마니(주),"113,300
(0.37)"
오륙칼국수,약콩세가,"113,100
(0.36)"
화요옥,(주)인화에프엔비,"113,100
(0.36)"
신의한순대국밥,(주)모두에프엔씨,"113,000
(0.36)"
문어부인삼교비,(주)문삼에프앤비,"113,000
(0.36)"
내조국국밥,(주)내조국국밥,"113,000
(0.36)"
번지농장돌판아구찜,유한회사번지농장푸드,"113,000
(0.36)"
전복서커스,(주)핵가족,"112,704
(0.36)"
시루향기,(주)향기나는사람들,"112,650
(0.36)"
본설렁탕,본아이에프(주),"112,560
(0.36)"
꽃차돌,제이에스푸드(JS푸드),"112,550
(0.36)"
강학구참국밥,강학구참국밥,"112,300
(0.36)"
타도삼겹,(주)고민하는사람들,"112,300
(0.36)"
쭈소반,(주)쭈소반,"112,300
(0.36)"
면장수,면장수,"112,000
(0.36)"
돈애반해,(주)푸드로,"112,000
(0.36)"
미식가의구이,(주)태인에프앤비,"111,900
(0.36)"
나무꾼이야기,(주)나무꾼이야기,"111,800
(0.36)"
수왕초장집,(주)장집,"111,726
(0.36)"
대장부,엠투(M2)컴퍼니,"111,700
(0.36)"
김형제고기의철학,(주)킴스브라더스,"111,700
(0.36)"
더자반(The자반),(유)더자반,"111,550
(0.36)"
나루국밥,(주)티온,"111,550
(0.36)"
유장춘 닭개장,(주)제이씨씨푸드,"111,350
(0.36)"
닭불92,(주)이바돔,"111,220
(0.36)"
명태골,명태골,"111,150
(0.36)"
대독장,비투에스(주),"111,100
(0.36)"
와촌식육식당,(주)와촌본가,"111,070
(0.36)"
육첩반상,(주)대세에프엔비,"111,020
(0.36)"
육미트(6Meat),찬우축산(주),"111,000
(0.36)"
우등생,(주)육쌈,"111,000
(0.36)"
김선하의 닭갈비 궁중누룽지탕,김선하의닭갈비,"110,900
(0.36)"
용덕장코다리,용덕장코다리,"110,835
(0.36)"
대가야삼계탕,(주)대가야,"110,640
(0.36)"
주왕산삼계탕,(주)대가야,"110,640
(0.36)"
황금곱창,(주)더황금푸드,"110,600
(0.36)"
콩밭뜰,콩밭뜰,"110,600
(0.36)"
봉추찜닭,㈜봉추푸드시스템,"110,435
(0.36)"
"심스조개전골,칼국수","심's조개전골,칼국수","110,320
(0.36)"
맨도롱국수,(주)에이티컴퍼니,"110,300
(0.36)"
삼겹촌놈,솔담,"110,250
(0.36)"
백철판0410,(주)더본코리아,"110,160
(0.36)"
대한국밥,(주)더본코리아,"110,150
(0.36)"
신교령사골순대국,(주)신교령에프앤비,"110,000
(0.35)"
고향옥얼큰순대국,(주)더맛있는생각,"110,000
(0.35)"
맛존매콤닭불고기,맛존매콤닭불고기,"109,800
(0.35)"
송화삼계탕&닭갈비,(주)송화컴퍼니,"109,700
(0.35)"
두리맛감자탕,(주)두리맛푸드,"109,700
(0.35)"
조홍재 고기대군,고기대군,"109,700
(0.35)"
불고기브라더스 키친,(주)이도감농업회사법인,"109,670
(0.35)"
불고기브라더스 도시락점방,(주)이도감농업회사법인,"109,670
(0.35)"
골목고기,(주)뿌리와열매,"109,550
(0.35)"
원조전통명가 통큰할매순대국,(주)세븐하베스트,"109,500
(0.35)"
주인이직접고운진짜갈비탕,나도갈비탕,"109,250
(0.35)"
삼환축산,(주)쓰리티에이치이,"109,200
(0.35)"
통뼈감자탕,농업회사법인(주)자연식품,"109,150
(0.35)"
문삼이,(주)경청에프씨,"109,010
(0.35)"
서서방 숯불닭갈비 돼지갈비,서서방숯불닭갈비,"109,010
(0.35)"
청양일초,(주)청해,"108,980
(0.35)"
삼청동샤브,(주)삼청동,"108,908
(0.35)"
지호한방삼계탕,(주)지호,"108,900
(0.35)"
군산오징어,(주)산무리,"108,880
(0.35)"
김윤미전복삼계탕,센텀F&C,"108,800
(0.35)"
돌깨마을 맷돌순두부,(주)자연가득,"108,750
(0.35)"
오라이 숯불닭갈비,(주)자연가득,"108,750
(0.35)"
방태막국수,(주)북촌사람들,"108,670
(0.35)"
따봉시래기,따봉시래기,"108,600
(0.35)"
떡가게 종춘,(주)종춘에프앤비,"108,450
(0.35)"
봉춘회관,농부의마음,"108,380
(0.35)"
아빠곰탕,(주)프레솔,"108,200
(0.35)"
쏘주에 삼겹살 208全,쏘삼돼지208,"108,150
(0.35)"
이북만두락원,(주)락원에프앤비,"108,050
(0.35)"
박가부대,원앤원(주),"107,993
(0.35)"
설담재,홈메이드푸드,"107,900
(0.35)"
사위식당,(주)오아시스에프앤비,"107,850
(0.35)"
두총각 닭갈비,두총각춘천닭갈비,"107,806
(0.35)"
고을래이베리코흑돼지,(주)미락에프씨,"107,745
(0.35)"
강씨가문의족발,꿈을삶는사람들,"107,600
(0.35)"
더담 부대찌개,(주)더맛,"107,600
(0.35)"
정남옥,(주)정남옥에프앤씨,"107,545
(0.35)"
대식가2900,(주)태인에프앤비,"107,500
(0.35)"
한국밥,(주)굳길,"107,390
(0.35)"
가마깨비,(주)솔푸드,"107,300
(0.35)"
목구멍,(주)팀브로,"107,250
(0.35)"
화성옥,화성옥,"107,250
(0.35)"
깍두기,깍뚜기바비큐,"107,000
(0.35)"
만족오향족발,(주)만점족,"106,950
(0.35)"
낙지애가,(주)엠케이우성,"106,950
(0.35)"
차돌풍,농부의마음,"106,840
(0.34)"
목촌나주곰탕왕갈비탕,(주)행운식품,"106,800
(0.34)"
닭갈비제작소,(주)닥인흥업,"106,700
(0.34)"
맛있는 고기에 솜씨를 더하다,(주)더하다F&C,"106,700
(0.34)"
류가본가,(주)류가본가,"106,500
(0.34)"
불란다쭈꾸미,(주)행운식품,"106,500
(0.34)"
목촌사골돼지국밥,(주)행운식품,"106,500
(0.34)"
갈비에 빠지다,갈비에빠지다,"106,400
(0.34)"
더짱터,에프에스알,"106,200
(0.34)"
옹아리벌교꼬막,(주)옹아리제이에스유통,"106,200
(0.34)"
한동길전통감자탕,한동길식품,"106,150
(0.34)"
킹콩부대찌개,(주)에스엘에프앤비,"106,150
(0.34)"
사계진미 숯불닭갈비,(주)준인터(JunInter),"105,900
(0.34)"
금화왕돈까스,(주)다함컴퍼니,"105,775
(0.34)"
본세이로무시,(주)영주본푸드,"105,760
(0.34)"
서울편백찜,(주)서울편백찜,"105,509
(0.34)"
행복한도야지,겸손한사람들,"105,500
(0.34)"
제이브이엘(JVL)부대찌개,(주)제이브이엘,"105,375
(0.34)"
신송자 신마산 식당,(주)신송자신마산,"105,300
(0.34)"
정온달집,(주)밥재이,"105,300
(0.34)"
메밀고개 시골막국수,메밀고개푸드(주),"105,300
(0.34)"
순탄고기,순탄고기,"105,150
(0.34)"
삼원돈,(주)조은세상에프엔씨,"104,800
(0.34)"
장인미역,(주)호인푸드,"104,550
(0.34)"
백그릇국밥,셰프공간컴퍼니(주),"104,550
(0.34)"
황금돈맛,(주)맛뜰,"104,500
(0.34)"
유케야,(주)야푸드,"104,500
(0.34)"
무한샤브샤브버섯나라,무한버섯나라,"104,500
(0.34)"
김영화부대찌개,김영화부대찌개,"104,200
(0.34)"
일품대가삼계탕,일품대가삼계탕,"104,200
(0.34)"
진짜배기명태촌,(주)행복가득,"104,000
(0.34)"
김영희동태찜&코다리냉면,(주)해피푸드,"104,000
(0.34)"
무국식탁편백집,(주)무국식탁,"103,969
(0.34)"
한달음숯불구이,유한회사한달음에프앤비,"103,753
(0.33)"
조선육개장38,조선38육개장,"103,750
(0.33)"
신정골,(주)신정푸드,"103,700
(0.33)"
THE진국,(주)섬김과나눔,"103,550
(0.33)"
자성화 맛집 코다리네,(주)자성화,"103,510
(0.33)"
THE 팔당,(주)더광일푸드,"103,450
(0.33)"
놀부부대찌개,(주)놀부,"103,343
(0.33)"
한가네숯불닭갈비,(주)한경코퍼레이션,"103,282
(0.33)"
가장맛있는족발,(주)가장맛있는족발,"103,200
(0.33)"
부대장,(주)훌랄라,"103,100
(0.33)"
"소담애 족발,보쌈",(주)에브릿,"103,100
(0.33)"
자박갈비,(주)자박에프엔비,"103,100
(0.33)"
1005고릴라스테이크삼겹,스테이크삼겹,"102,900
(0.33)"
양평서울해장국 큰아들집,(주)정금F&C,"102,900
(0.33)"
본스튜,(주)식스텐비즈,"102,900
(0.33)"
1967 삼대 서울곱창,(주)케이에스피에프앤비,"102,900
(0.33)"
전주24시자연담은 노랑콩,케이알푸드,"102,800
(0.33)"
참토우,(주)참토우,"102,400
(0.33)"
동양백반,딜리셔스피플,"102,350
(0.33)"
육콩,(주)육콩푸드,"102,220
(0.33)"
고기싸롱,(주)행복한상상에프앤비,"102,150
(0.33)"
살아있네아구,(주)리안,"102,020
(0.33)"
더만족,더만족,"101,900
(0.33)"
제주면장,(주)북촌사람들,"101,800
(0.33)"
모심 임가네해물촌,임가네해물촌,"101,800
(0.33)"
대부면가 우리밀칼국수,대부면가fc,"101,600
(0.33)"
진한설렁탕담다,(주)놀부,"101,554
(0.33)"
쭈꾸미시스터즈,(주)제이알에프앤씨,"101,500
(0.33)"
황해수육,황해푸드,"101,440
(0.33)"
나이스투미츄,아이에스크리에이티브,"101,420
(0.33)"
쭈꾸미블루스,(주)펀투비위드,"101,275
(0.33)"
흑돼지 삼백식당,정상FC,"101,200
(0.33)"
길 세이로무시,케이제이(주),"101,200
(0.33)"
무원골 흑돈대패,정상FC,"101,200
(0.33)"
고기굽는방앗간,(주)행복한상상에프앤비,"101,150
(0.33)"
도둑고기,(주)행복한상상에프앤비,"101,150
(0.33)"
본죽&비빔밥cafe,본아이에프(주),"101,010
(0.33)"
조가네갑오징어,(주)조앤이푸드,"101,000
(0.33)"
쉐프밀(chefmeal),(주)푸드감동을주다,"100,900
(0.33)"
육수당,(주)에이치디푸드,"100,850
(0.33)"
부산아지매국밥,(주)제이엘푸드,"100,750
(0.33)"
소제이,소제이,"100,700
(0.32)"
Tasty bro PORK,포크본점,"100,670
(0.32)"
조선팔도,(주)조선팔도,"100,450
(0.32)"
삼육가珍,(주)레블스,"100,448
(0.32)"
오복오봉집,(주)조은음식드림,"100,100
(0.32)"
족장,(주)아이에프그룹,"100,000
(0.32)"
남도복국,(주)남도가,"99,820
(0.32)"
마녀가 만든 족발,제이에이치푸드(주),"99,800
(0.32)"
생돈우리,(주)생돈우리,"99,735
(0.32)"
제주흑다돈 왕족발,영농조합법인돈마유통,"99,650
(0.32)"
제주와홍돼지,T/H푸드,"99,600
(0.32)"
때깔,T/H푸드,"99,600
(0.32)"
본가어탕,본가어탕,"99,600
(0.32)"
이성원 쉐프의 청년감자탕 순대국,이성원쉐프의청년감자탕,"99,567
(0.32)"
한상에소두마리,㈜한상에소두마리,"99,500
(0.32)"
떡미당,㈜만풍농헙회사법인,"99,300
(0.32)"
새마을식당,(주)더본코리아,"99,080
(0.32)"
택이네,양심,"98,850
(0.32)"
본건강한상,본푸드서비스(주),"98,847
(0.32)"
약방불백,(주)오경,"98,800
(0.32)"
원가회관,(주)디아이디코리아,"98,800
(0.32)"
제주울어멍해장국,(주)바론에프앤비,"98,700
(0.32)"
보승회관,보승FC,"98,670
(0.32)"
팔색삼겹살,(주)8푸드,"98,600
(0.32)"
사백집 서울대패,(주)길품에프엔비,"98,500
(0.32)"
고기바보,디티푸드,"98,500
(0.32)"
미스터오징어,미스앤미스터㈜,"98,500
(0.32)"
강남대패&샤브,(주)나이스패밀리,"98,370
(0.32)"
부산칠칠집,(주)더쉐프,"98,150
(0.32)"
신성아구찜,정가네신성아구찜,"98,150
(0.32)"
굴마을낙지촌,(주)두둑한행복,"98,010
(0.32)"
꽃송이버섯샤브만두,아미코팜(주)농업회사법인,"98,000
(0.32)"
밤새먹소,(주)다자레코리아,"97,950
(0.32)"
강릉엄지네꼬막집,더블에스푸드(주),"97,950
(0.32)"
양파이,(주)호박패밀리,"97,900
(0.32)"
자갈치식당,(주)오리엔탈썬,"97,850
(0.32)"
매취랑,현진에프앤씨(HyeonjinF&C),"97,710
(0.32)"
김진오 김실장왕족발,서남시장김실장왕족발,"97,700
(0.32)"
삼대족발,(주)다담푸드,"97,535
(0.31)"
고기극찬,고기극찬,"97,430
(0.31)"
백성고기집,와이제푸드,"97,430
(0.31)"
돈가네김치찌개,(주)에프앤씨돈가네,"97,400
(0.31)"
한고집복국,(주)한고집,"97,400
(0.31)"
배불뚝집,(유)토암,"97,400
(0.31)"
두둑한샤브칼국수,(주)두둑한행복,"97,260
(0.31)"
고소한술도둑 동래막창,제이엠글로벌,"97,250
(0.31)"
줄벼락,(주)줄벼락,"96,940
(0.31)"
한솥,(주)한솥,"96,910
(0.31)"
평규술집,(주)평규술집,"96,875
(0.31)"
조미료를넣지않은참마마된장,(주)마마에프앤비,"96,850
(0.31)"
곰작골나주곰탕,(주)혜윰에프엔비,"96,800
(0.31)"
노마세야매운갈비찜,(주)노마세야컴퍼니,"96,700
(0.31)"
미소연곰탕집,(주)전설,"96,600
(0.31)"
다찜,다찜민락점,"96,600
(0.31)"
율이육땅,율이육땅,"96,600
(0.31)"
신의주찹쌀순대,(주)거성푸드,"96,570
(0.31)"
곱테랑,코리안브라더,"96,564
(0.31)"
호랭이곱창,(주)디딤,"96,500
(0.31)"
차돌육미,(주)베스트에프앤씨,"96,500
(0.31)"
전주팔미콩나물국밥,(주)베스트에프앤씨,"96,500
(0.31)"
어찬바다해물찜,부산창업앤,"96,490
(0.31)"
제주산방식당,산방에프앤비(주),"96,300
(0.31)"
이태리부대찌개,(주)지니어스,"96,160
(0.31)"
보고싶다,(주)에스에이치,"96,160
(0.31)"
조방낙지,(주)디에이치푸드,"96,000
(0.31)"
대독장,(주)새인,"95,950
(0.31)"
대독장,(주)제니스에프앤비,"95,950
(0.31)"
진송추어탕,(주)우림에프씨,"95,900
(0.31)"
경산한여사네,한여사에프앤비(F&B),"95,568
(0.31)"
육백집 서울고깃집,(주)길품에프엔비,"95,500
(0.31)"
팔백집,(주)길품에프엔비,"95,500
(0.31)"
명품에프앤비,(주)명품에프앤비,"95,500
(0.31)"
이화수전통육개장,이화수(주),"95,500
(0.31)"
탁사발 두부공방,(주)장인공방,"95,500
(0.31)"
크라운 닭발,크라운닭발,"95,400
(0.31)"
38선 넘은 짱닭,38선넘은짱닭,"95,400
(0.31)"
김연수소갈비살,(주)긍정플러스,"95,350
(0.31)"
우아한 발요리 봉족발,봉족발,"95,200
(0.31)"
한패,(주)보성녹돈,"95,200
(0.31)"
신의주부대찌개,미트준,"95,170
(0.31)"
본래순대,(주)도드람에프씨,"95,090
(0.31)"
서민반찬,서민반찬,"94,950
(0.31)"
국민수육국밥&막국수,(주)썬푸드,"94,870
(0.31)"
큰정할매순대국,(주)휴앤지,"94,860
(0.31)"
파주닭국수,(주)송정푸드,"94,850
(0.31)"
유가네닭갈비,(주)바이올푸드글로벌,"94,850
(0.31)"
조선양평해장국,조선양평해장국,"94,650
(0.31)"
무쇠쫄갈비,(주)더브로즈,"94,600
(0.31)"
봉할매김치찌개불백,(주)씨앤에이치코퍼레이션,"94,600
(0.31)"
명사순대,(주)명사에프엠,"94,550
(0.31)"
샤브보트,(주)채선당,"94,536
(0.31)"
전주생구이,(주)다가본,"94,524
(0.31)"
한결통아구찜,한결프렌차이즈,"94,400
(0.30)"
명태천국 명태조림감자탕,다렘식품,"94,400
(0.30)"
인더그릴이백프로,돈토리,"94,400
(0.30)"
류아저씨의화동생갈비,(주)가연푸드,"94,300
(0.30)"
엉클족,베이직푸드(주),"94,200
(0.30)"
상도늘보리,(주)늘보리에프앤씨,"94,100
(0.30)"
조이박꽃도새기,조이박푸드,"94,100
(0.30)"
아랑고기국수,아랑고기국수,"94,100
(0.30)"
자연갈비,농업회사법인제이제이푸드시스템(주),"94,100
(0.30)"
육분삼십,(주)편백가,"94,100
(0.30)"
토정삼계탕,(주)우리모메,"94,050
(0.30)"
놀부화덕족발,(주)놀부,"93,962
(0.30)"
교동면옥,(주)교동F&B,"93,950
(0.30)"
청년순대국,(주)브랜드그라운드,"93,680
(0.30)"
더맛있는족발보쌈,더족푸드,"93,630
(0.30)"
한양장터국밥,(주)화인에프앤비,"93,500
(0.30)"
123막창,(주)123푸드,"93,500
(0.30)"
두부품은육개장,두부품은육개장,"93,300
(0.30)"
뜨끈이 감자탕,(주)엘엔미트,"93,300
(0.30)"
이여곰탕,(주)이여,"93,258
(0.30)"
안흥갈비,(주)안흥갈비,"93,200
(0.30)"
한방전주콩나물국밥,(주)한사랑푸드,"93,200
(0.30)"
해물감자탕,해물감자탕,"93,050
(0.30)"
육갈탕,(주)와이케이푸드,"93,000
(0.30)"
로꼬로꼬,로꼬로꼬,"92,760
(0.30)"
뼈대장,(주)웅장한식탁,"92,675
(0.30)"
한방서원갈비,(주)디저트팩토리,"92,500
(0.30)"
생극해장국,(주)에스컴퍼니,"92,500
(0.30)"
국가대패,(주)엉터리,"92,100
(0.30)"
육소단,육소단,"92,100
(0.30)"
형제들 감자탕,(주)고을식품,"92,010
(0.30)"
송담추어탕,(주)송담,"92,000
(0.30)"
계연탄,(주)다함컴퍼니,"91,900
(0.30)"
꼬치마요,(주)다함컴퍼니,"91,900
(0.30)"
언양닭칼국수,SSF&C,"91,900
(0.30)"
안동본가국밥,(주)두웰푸드,"91,850
(0.30)"
제주고깃집,에스엠푸드,"91,550
(0.30)"
교동전선생,(주)교동,"91,500
(0.30)"
백스비빔밥,(주)더본코리아,"91,500
(0.30)"
산촌신쭈꾸미,(주)디비홀딩스,"91,400
(0.29)"
손큰국밥,율푸드,"91,300
(0.29)"
택이네 조개전골,(주)택이네,"91,300
(0.29)"
명태어장,케이더블유에프,"91,300
(0.29)"
쉐프삼촌,(주)쿡피플,"91,300
(0.29)"
정선애곤드레밥,종로푸드시스템(주),"91,105
(0.29)"
팔팔,(주)훤,"91,100
(0.29)"
문숙이미나리식당,(주)제이앤에이치씨,"91,100
(0.29)"
선어도,㈜차차,"90,800
(0.29)"
착한명태,케이더블유에프,"90,600
(0.29)"
홍(紅)석정원,홍석정원,"90,590
(0.29)"
일호감자탕,일호협동조합,"90,510
(0.29)"
화통삼,(주)행복한상상에프앤비,"90,450
(0.29)"
갈비오브미,퍼스트프랜차이즈,"90,340
(0.29)"
노랑물고기,노랑물고기,"90,310
(0.29)"
고기소,(주)다산푸드,"90,310
(0.29)"
압구정 부대찌개&닭갈비,(주)한울,"90,280
(0.29)"
임창정세겹살,(주)하그사,"90,160
(0.29)"
오늘은 쭈꾸미,오늘은쭈꾸미,"90,000
(0.29)"
만권화밥,(주)만권,"90,000
(0.29)"
본토배기,남궁가족발보쌈,"90,000
(0.29)"
연암곱창,(주)호닭에프엔비,"90,000
(0.29)"
진아구,(주)미트더석세스,"90,000
(0.29)"
MNFK 양정 명동찌개마을,양정명동찌개마을,"90,000
(0.29)"
철순이네김치찌개,(주)박앤박,"90,000
(0.29)"
갈비애드림,(주)탐라드림,"89,920
(0.29)"
갈비애드림,(주)탐라드림,"89,920
(0.29)"
엄마가떴다,장모님이떴다,"89,900
(0.29)"
다깡,다감,"89,600
(0.29)"
무쏘,(주)유엔아이에프씨,"89,400
(0.29)"
조춘식동태탕찜,(주)조앤비컨설팅,"89,350
(0.29)"
천하제일숯불갈비,창업드림푸드,"89,350
(0.29)"
쪽찌,(주)마더푸드,"89,200
(0.29)"
대관령양푼이동태찌개,대관령푸드,"89,197
(0.29)"
춘천중앙로숯불닭갈비,중앙식품,"89,050
(0.29)"
무한정차돌,㈜캔푸드,"89,020
(0.29)"
순례국밥,순례국밥,"89,000
(0.29)"
순대실록,(주)희스토리푸드,"89,000
(0.29)"
손군부대찌개,에스디에이치푸드,"88,900
(0.29)"
지환이네왕족발,지환이네왕족발,"88,800
(0.29)"
소곰집,우진정육상회,"88,800
(0.29)"
무봉리토종순대국,무봉리토종순대국체인본부,"88,800
(0.29)"
양철북,(주)마시명가,"88,800
(0.29)"
"고기,원칙",(주)반반한행복,"88,770
(0.29)"
김치도가,(주)한울김치도가,"88,735
(0.29)"
짚신매운갈비찜,(주)음식생각,"88,680
(0.29)"
뚱삼이와대삼이,(주)엠지에이치,"88,600
(0.29)"
방일해장국,(주)방일에프씨,"88,600
(0.29)"
양스부대찌개,(주)양스부대찌개,"88,600
(0.29)"
더수상한막창,수상한막창,"88,600
(0.29)"
거부기식당,(주)남도푸드,"88,570
(0.29)"
웰미가,(주)웰미가베스트푸드,"88,433
(0.29)"
전현주식당,(주)미설렘,"88,360
(0.29)"
남기남 부대찌개,(주)남기남,"88,350
(0.29)"
이동근선산뒷고기,근푸드시스템,"87,900
(0.28)"
큰집아저씨,(주)프랜몬스터,"87,850
(0.28)"
단골손님,(주)단골손님,"87,800
(0.28)"
맨날국수,(주)연우디자인,"87,800
(0.28)"
88선수촌,(주)미담제작소,"87,700
(0.28)"
153포인츠(POINTZ),(주)에스엔알푸드,"87,510
(0.28)"
샤브쌈주머니,위드몬,"87,500
(0.28)"
놀부숯불애장닭,(주)놀부,"87,216
(0.28)"
숯겹살집,㈜숯겹살,"87,000
(0.28)"
대구아지:야 0530,대구본에프앤씨,"87,000
(0.28)"
완산골명가,(주)더드림에프에스,"86,960
(0.28)"
육해공통바베큐,(주)포트리스,"86,950
(0.28)"
고씨네 고추장 찌개,고씨네고추장찌개,"86,950
(0.28)"
바푸리죽앤즙,(주)비피알,"86,900
(0.28)"
Girin The 매운갈비찜,기린더매운갈비찜,"86,700
(0.28)"
효자동 순대,(주)효자푸드,"86,490
(0.28)"
강화통통 생고기,(주)강통에프앤비,"86,450
(0.28)"
한양껍데기,(주)프로그에프앤비,"86,400
(0.28)"
나능이,유정티앤에프(주),"86,350
(0.28)"
1967정남순서울곱창,정남순서울곱창에프엔비,"86,250
(0.28)"
천하대창군,(주)천하에프앤비,"86,200
(0.28)"
인생해장국,(주)인화티에프에스,"86,110
(0.28)"
백번가코다리,백번가코다리,"86,000
(0.28)"
돈오락쪽갈비,(주)지강푸드,"85,850
(0.28)"
안녕숯불,(주)올리브푸드,"85,850
(0.28)"
새벽네시반,새벽네시반,"85,800
(0.28)"
족제소,(주)자작나무형제들,"85,774
(0.28)"
이서면장국수잘하는집,농업회사법인(주)장토,"85,740
(0.28)"
팔덕식당,MS푸드,"85,720
(0.28)"
돼지청문회,돼지청문회본사돼지청문회축산,"85,600
(0.28)"
가마실감자탕,(주)가마실푸드,"85,600
(0.28)"
마포옥,(주)디딤,"85,575
(0.28)"
대박통,대박통,"85,410
(0.28)"
용추골미궁순대,칠연푸드시스템,"85,400
(0.28)"
신의계시,(주)포앤씨,"85,200
(0.27)"
통부심,통부심,"85,150
(0.27)"
진고집동해동태탕&냉면,(주)진고집,"85,050
(0.27)"
돈갈비,(주)현백,"85,050
(0.27)"
김명자낙지마당,(주)김명자,"84,950
(0.27)"
1992 남산식당,(주)에스엠제이컴퍼니,"84,950
(0.27)"
족발3시30분,(주)타임에프앤씨,"84,928
(0.27)"
곽만근찐주막,푸드마스터트레이딩(FMT),"84,890
(0.27)"
낙곱새미장원,낙곱새미장원,"84,860
(0.27)"
원조명품진갈비,(주)지케이홀딩스,"84,830
(0.27)"
킹스덮밥(King's 덮밥),(주)현쿡,"84,800
(0.27)"
돼지코생곱창갈비,(주)돼지코푸드,"84,765
(0.27)"
흥부찜닭,(주)놀부,"84,753
(0.27)"
값질갈비,제이코퍼레이션유한책임회사,"84,750
(0.27)"
진수곱창,(주)제이에스푸드,"84,700
(0.27)"
양마니순대곱창,양마니푸드,"84,600
(0.27)"
전초전,(주)더불어함께하는세상,"84,600
(0.27)"
갈비씨,(주)남강푸드시스템,"84,600
(0.27)"
국가대표진짜배기,모심푸드,"84,500
(0.27)"
청천그집쭈꾸미,청천그집쭈꾸미,"84,500
(0.27)"
불백어게인,밥상편지푸드,"84,400
(0.27)"
탕대장,한솔식품,"84,173
(0.27)"
해운대31cm해물칼국수,(주)미스터탁누들,"84,070
(0.27)"
등뼈가,(주)푸드윈,"84,000
(0.27)"
왕건이감자탕,(주)푸드윈,"84,000
(0.27)"
본동네 추어탕,(주)푸드윈,"84,000
(0.27)"
연남물갈비,(주)티에스케이패밀리,"83,950
(0.27)"
남천집,(주)브로컴퍼니,"83,950
(0.27)"
신정만국밥,신정만국밥,"83,850
(0.27)"
또와유 명태간장조림,(주)해오름에프에스,"83,600
(0.27)"
삼시세때,(주)국보푸드시스템,"83,600
(0.27)"
가마솥국밥.보쌈,(주)도시방앗간,"83,510
(0.27)"
밥엔청국장,(주)맛있는상상,"83,500
(0.27)"
역전국밥,(주)역전푸드,"83,400
(0.27)"
뒷고기회관,(주)저스트컴퍼니,"83,400
(0.27)"
고덕갈비,고덕갈비,"83,400
(0.27)"
능이와백숙,능이와백숙,"83,400
(0.27)"
철뚝집,(주)브라더푸드시스템,"83,300
(0.27)"
육회브라더스,토니앤컴퍼니인터내셔널,"83,300
(0.27)"
30년 할매 닭발,(주)제주앤코리아,"83,180
(0.27)"
아라가야,아라가야냉면석쇠불고기,"83,163
(0.27)"
김순덕원조부안집,(주)신근식푸드,"83,100
(0.27)"
천년설렁탕,(주)라이또에프앤씨,"82,950
(0.27)"
해물꽃돈,(주)해물꽃돈,"82,822
(0.27)"
1일족발,디앤디코리아,"82,800
(0.27)"
강봉수인 간큰갈비,간큰갈비,"82,750
(0.27)"
속초네어장,속초네어장본점,"82,750
(0.27)"
미사리밀빛초계국수,(주)밀빛,"82,700
(0.27)"
고혹,다감,"82,600
(0.27)"
채영진의명품생고기무한리필,명품MP,"82,500
(0.27)"
가마고개,가마고개,"82,300
(0.27)"
열정담은 국물집,국물집,"82,300
(0.27)"
태기산더덕순대,(주)푸드프랜,"82,300
(0.27)"
땡기요,와이엠씨푸드,"82,200
(0.27)"
춤추는불닭발,춤추는불닭발,"82,200
(0.27)"
불맞고쭈꾸미&삼겹살,디오네푸드,"82,200
(0.27)"
천상대게,천상대게,"82,150
(0.27)"
일미삼겹살,일미삼겹살원주혁신도시점,"82,100
(0.26)"
노걸대,(주)노걸대,"82,050
(0.26)"
해운대조개찜다퍼주는집,해운대다퍼주는집@조개찜,"82,000
(0.26)"
방가삼대 얼큰한뼈해장국,방가삼대,"82,000
(0.26)"
바른고기 엘베요타,바른고기엘베요타,"81,970
(0.26)"
안성깍뚜기,(주)푸름,"81,600
(0.26)"
수김밥,손수푸드,"81,300
(0.26)"
어바웃샤브,(주)올어바웃푸드,"81,200
(0.26)"
쿵더덕쿵족,(주)스마일코리아,"81,200
(0.26)"
오리궁뎅이,오리궁뎅이,"81,100
(0.26)"
출근길생고기,박가네푸드,"80,990
(0.26)"
양대장,양대장,"80,900
(0.26)"
마마찜갈비,(주)찌니호야프랜드,"80,900
(0.26)"
오투닭갈비,오투닭갈비,"80,850
(0.26)"
호기심에 훔친뒷고기,더블에프엔비(주),"80,650
(0.26)"
죽금당,(주)와이앤씨코리아,"80,550
(0.26)"
본도시락,본아이에프(주),"80,495
(0.26)"
두툼마약갈비,(주)로버웰,"80,350
(0.26)"
소문(小門),(주)양우돈,"80,350
(0.26)"
도야족발보쌈,도야족발앤푸드,"80,300
(0.26)"
혁지원인 싱싱물회,싱싱물회,"80,300
(0.26)"
모두국밥,(주)엠디에프시파트너스,"80,300
(0.26)"
일오닭갈비,(주)일오,"80,300
(0.26)"
브라더한정식도시락,브라더F&H,"80,220
(0.26)"
둥지닭볶음탕,둥지닭볶음탕,"80,100
(0.26)"
베스트 생갈비찜&찜닭,베스트생갈비앤찜닭,"80,000
(0.26)"
수육국밥.보쌈전문점 더참맛수육국밥앤보쌈,(주)더참맛푸드,"80,000
(0.26)"
신기한면,신기한면,"80,000
(0.26)"
열라불라연탄집,우리식품,"80,000
(0.26)"
콩뿌리 전주콩나물국밥,콩뿌리프랜차이즈(주),"79,900
(0.26)"
서울전통육개장,(주)엠제이에프앤씨,"79,890
(0.26)"
꼬기냉면,(주)동은에프엔씨,"79,800
(0.26)"
꿀백,(주)상상구르메,"79,800
(0.26)"
그남자의 돼지갈비,그남자의돼지갈비,"79,800
(0.26)"
육감족,육감족,"79,550
(0.26)"
마린보이동태탕.찜.코다리1번가,마린보이유통,"79,500
(0.26)"
김둘레순대국,(주)둘레,"79,450
(0.26)"
섬진강다슬기마을,(주)어업회사법인섬진강다슬기마을,"79,400
(0.26)"
조선에서왔소,지에프케이,"79,280
(0.26)"
터진만두,터진만두,"79,200
(0.26)"
더조은갈비,(주)더굿,"79,200
(0.26)"
존슨부대찌개,(주)존슨푸드코리아,"79,100
(0.26)"
바른찌개,솔든코리아,"79,000
(0.25)"
월수금,월수금,"79,000
(0.25)"
홍반장신의주찹쌀순대와감자탕,(주)홍반장,"78,950
(0.25)"
이정돈돼야지,프랜차이즈새늘,"78,900
(0.25)"
화덕초 대파불고기,프랜차이즈새늘,"78,900
(0.25)"
몽땅다돼지,프랜차이즈새늘,"78,900
(0.25)"
"안녕, 닭",안녕푸드,"78,700
(0.25)"
소공동뚝배기집,(주)오백미라클,"78,375
(0.25)"
가마솥철마한우곰탕,(주)가마솥철마한우곰탕,"77,900
(0.25)"
돈통마늘보쌈,(주)코리아푸딩,"77,900
(0.25)"
김용덕의 소문난 부자국밥,알씨(RC)유통부자갈비탕찜,"77,900
(0.25)"
꺽다리 두마리 찜닭&떡볶이,명동닭튀김,"77,900
(0.25)"
강너머남촌숯불닭갈비,(주)케이씨앤컴퍼니,"77,890
(0.25)"
곱선,컴퍼니(S.Y.COMPANY),"77,800
(0.25)"
한뚝수육국밥,(주)에이치엘코포레이션,"77,700
(0.25)"
돈오야,돈오야,"77,550
(0.25)"
오색동,(주)푸드피플,"77,350
(0.25)"
혼밥대왕,(주)박앤박,"77,350
(0.25)"
목연식당,목연식당(주),"77,250
(0.25)"
유림회관,(주)더글로벌코리아,"77,000
(0.25)"
서래갈매기,(주)서래스터,"77,000
(0.25)"
연경호킹아구해물찜,킹아구해물찜아중점,"76,900
(0.25)"
명계찜닭,우리안,"76,900
(0.25)"
한근숯불닭갈비,(주)비에스인큐,"76,890
(0.25)"
찌개애감동,(주)맛있는상상,"76,800
(0.25)"
한양손칼국수,한양칼국수,"76,800
(0.25)"
팔백국밥,팔백식품,"76,800
(0.25)"
탐진강면사무소,미래f&c,"76,800
(0.25)"
설레족발,설렘,"76,800
(0.25)"
동리장,(주)은태에프앤비,"76,800
(0.25)"
수뿌레닭갈비,더원코리아,"76,800
(0.25)"
김현옥 전주전집 사당동,비엘푸드,"76,780
(0.25)"
냉철한삼겹,(주)거성에프앤비,"76,700
(0.25)"
참한국밥,참한국밥,"76,620
(0.25)"
계탄집,(주)구야가,"76,570
(0.25)"
북촌삼대갈비,(주)일가브라더스,"76,560
(0.25)"
장만호양지국밥,장만호에프씨협동조합,"76,500
(0.25)"
이승현의 착한게장,(주)노고단,"76,500
(0.25)"
울엄마 양평해장국,(주)울엄마푸드,"76,500
(0.25)"
제주미향해장국,(주)미향에프엔비,"76,500
(0.25)"
맛차돌,(주)포피플,"76,480
(0.25)"
고니식탁,고니컴퍼니,"76,250
(0.25)"
효자막창,효자푸드,"76,150
(0.25)"
김치찌개미화식당,(주)미화에프앤비,"76,122
(0.25)"
두근두근숨쉬는숨두부,골든키본,"76,105
(0.25)"
청정돼지,잘키운국내산청정돼지,"76,060
(0.25)"
곱창백화점,(주)디에스푸드시스템,"75,900
(0.24)"
신진성아구찜,(주)신진성에프앤비,"75,900
(0.24)"
해방곱창,해방곱창전주본점,"75,850
(0.24)"
콩시루,시루유통,"75,800
(0.24)"
3일국밥,(주)펜톤,"75,800
(0.24)"
황금진족,(주)미림에프엔비,"75,600
(0.24)"
갈비1번가,농업회사법인(주)태영에프앤씨,"75,600
(0.24)"
1인자감자탕,(주)제이에스일인자,"75,500
(0.24)"
그놈포차,그놈포차본점,"75,480
(0.24)"
급냉삼겹살,급냉삼겹살,"75,250
(0.24)"
쭈꾸미본색,(주)단꿈,"75,200
(0.24)"
바다쭈꾸미,대신푸드,"75,050
(0.24)"
삼겹파티,(주)엠지에이치,"75,050
(0.24)"
호세야오리바베큐,호세야(주),"74,800
(0.24)"
주순희찌개마을시골촌,(주)순희에프앤비,"74,800
(0.24)"
을지로골목집,(주)에이알피그룹,"74,800
(0.24)"
송미미네집,미미네집,"74,720
(0.24)"
5.5닭갈비,(주)오점오,"74,700
(0.24)"
동의명가 뼈해장국 순대국 무한리필 감자탕,(주)더블에스그룹,"74,600
(0.24)"
닭발굽는청년,정갈한푸드,"74,600
(0.24)"
청실홍실,(주)푸드피플,"74,600
(0.24)"
조바우가마솥추어탕,조바우가마솥추어탕,"74,500
(0.24)"
사랑탕,(주)오리지날스푼,"74,490
(0.24)"
경원해물찜0427,경원0427,"74,420
(0.24)"
삼정꼬랑지,미코에프씨(주),"74,250
(0.24)"
신(辛)난쭈꾸미,(주)백경푸드시스템,"74,250
(0.24)"
불막열삼,(주)꿈을실현하는사람들,"74,150
(0.24)"
고집센그집갈비탕,그집푸드,"74,140
(0.24)"
만면희색,(주)놀부,"74,110
(0.24)"
진배기 원조할매국밥,진배기,"74,000
(0.24)"
오모리찌개,(주)오모리,"74,000
(0.24)"
바베큐통족구이,(주)케이제이푸드시스템,"73,950
(0.24)"
팔꾸이팔당닭발,팔꾸이,"73,940
(0.24)"
울타리없는만두집,제이앤푸드,"73,500
(0.24)"
집밥연구소,영농조합법인소생로컬푸드,"73,500
(0.24)"
장인족발608,(주)제이엠케이에스,"73,480
(0.24)"
도천진짜순대,도천진짜순대,"73,374
(0.24)"
계경목장,(주)계경원,"73,350
(0.24)"
호랭이 곳간,㈜하나컴퍼니,"73,100
(0.24)"
미진축산,미진포차시청점,"72,850
(0.24)"
이천가든,(주)플라잉테이블,"72,850
(0.24)"
이천가든,(주)한국인,"72,850
(0.24)"
채돈이,채돈이,"72,700
(0.23)"
바우네나주곰탕,(주)지에프포유,"72,630
(0.23)"
우주최강도시락,(주)톡에프앤비,"72,580
(0.23)"
남다른대구막창,이안에에프앤비,"72,520
(0.23)"
이선생짜글이,한울프랜차이즈,"72,400
(0.23)"
기막힌뒷고기,농업회사법인(주)태영에프앤씨,"72,400
(0.23)"
마꼬창,하솔푸드,"72,300
(0.23)"
조춘식동갑이네,(주)세계네트웍스,"72,300
(0.23)"
맛들의축제,(주)애드쉐어,"72,200
(0.23)"
승도리네,(주)케이푸드스토리,"72,200
(0.23)"
막창뚱이,막창뚱이,"72,180
(0.23)"
전주남문조춘자토종피순대국,(주)비엔에스푸드,"72,100
(0.23)"
한량천하,제노F&C,"71,970
(0.23)"
돈불1971,돈불,"71,950
(0.23)"
라면에주,그레야마더지,"71,915
(0.23)"
골라먹는덮밥,셀렉키친(공유주방),"71,830
(0.23)"
임창정의 모서리족발,(주)예스아이엠에프앤비,"71,764
(0.23)"
성원정양대창,(주)성원정에프앤비,"71,750
(0.23)"
본죽,본아이에프(주),"71,750
(0.23)"
일차돌,(주)서래스터,"71,500
(0.23)"
덤덤덤쪽갈비,디앤디코리아,"71,500
(0.23)"
가락곰칼국수,(주)한밭에프앤지,"71,487
(0.23)"
삼시네끼,삼시네끼,"71,326
(0.23)"
황태장인,(주)팀웍앤비,"71,200
(0.23)"
승화네 크랩보트,(주)승화씨푸드,"71,165
(0.23)"
마부곱창,(주)프랜즈업,"71,000
(0.23)"
바우네 나주곰탕,(주)엠지에이치,"70,980
(0.23)"
고기는 모름지기 연탄구이,제이에스(JS)대원식품,"70,941
(0.23)"
봉자막창,봉자막창,"70,800
(0.23)"
블랭,지에프케이,"70,780
(0.23)"
백곱식당,(주)남다름,"70,650
(0.23)"
곽일품닭,(주)곽일품농부산촌,"70,500
(0.23)"
20년전통 대구역할매집식당,할매집식당,"70,400
(0.23)"
일류닭&닭,(주)소노(SONO),"70,280
(0.23)"
콩불,(주)8푸드,"70,250
(0.23)"
백참,(주)기영에프앤비,"70,212
(0.23)"
우거지품은순대국,(주)우품,"70,210
(0.23)"
방구족발,BG푸드시스템,"70,200
(0.23)"
김선영 대구왕뽈면옥,한일식품,"70,200
(0.23)"
전통맛집 할매순대국,(주)한결엔터프라이즈,"70,150
(0.23)"
문래돼지불백,(주)문래돼지불백,"70,100
(0.23)"
돼지새마을본부,돼지새마을푸드,"70,100
(0.23)"
우박집,(주)계경원,"70,050
(0.23)"
한국순대,(주)한국에프앤디,"69,900
(0.23)"
고기주는 햇쌈불냉면,햇잎푸드(주),"69,900
(0.23)"
제주둘레국수,(주)둘레쿡스,"69,750
(0.23)"
맛을그리다오상미,맛을그리다더컴퍼니,"69,700
(0.22)"
두부만드는사람들,(주)공존컴퍼니,"69,650
(0.22)"
박달재찜,태성수산,"69,520
(0.22)"
39℃락,도쿄키친39도시락,"69,430
(0.22)"
서울국수,(주)신우에프에스,"69,350
(0.22)"
우리소육회마왕,제이제이(JJ)brother,"69,200
(0.22)"
대패장사,대패장사,"69,100
(0.22)"
한고집 김치찌개,(주)한고집,"68,800
(0.22)"
금뿔이구집,이구집,"68,800
(0.22)"
청춘얼큰이,청춘얼큰이,"68,700
(0.22)"
두부본가어묵,후푸드,"68,650
(0.22)"
어명이요,(주)에브릿,"68,450
(0.22)"
정통집,(주)진담에프앤비,"68,449
(0.22)"
열정닭발,가온,"68,340
(0.22)"
백촌진짜대구막창,백촌푸드,"68,340
(0.22)"
화를품은닭,화를품은닭본점,"68,250
(0.22)"
큰맘할매순대국,(주)보강엔터프라이즈,"68,230
(0.22)"
돈골순대국,청암푸드시스템,"68,230
(0.22)"
맛있는영자씨네,맛있는영자씨네,"68,210
(0.22)"
신라찜닭,신라F&B,"68,000
(0.22)"
나두락손만두,파워푸드(유),"68,000
(0.22)"
일인분혼밥족솔로테이블신스2018,솔로테이블,"68,000
(0.22)"
놀부반상,(주)놀부,"67,974
(0.22)"
참한맛족발,참한맛족발,"67,900
(0.22)"
대마족발,(주)조은음식드림,"67,800
(0.22)"
서희생선구이밥상,(주)더이은에프엔씨,"67,600
(0.22)"
이춘식 명가돌곱창,육식주위에프앤비(주),"67,500
(0.22)"
접시고기,(주)접시고기,"67,450
(0.22)"
소소한쌈,유한책임회사다짐에프엔비,"67,450
(0.22)"
오수명 오가네 생선구이,오가네생선구이,"67,350
(0.22)"
동춘돌곱창,(주)모두가족,"67,150
(0.22)"
부부요리단,부부요리단,"66,900
(0.22)"
홍콩할매불닭발,삼정코리아,"66,800
(0.22)"
동의명가 찌개집,(주)더블에스그룹,"66,800
(0.22)"
용범양대창,(주)김승용에프에스,"66,623
(0.22)"
동서네낙지,(유)동서네낙지본점,"66,580
(0.21)"
갈비배달도시락 스트릿테이블,햇잎푸드(주),"66,500
(0.21)"
월선네,(주)맛있는상상,"66,500
(0.21)"
돈불식당,돈불,"66,450
(0.21)"
하루한쌈,(주)푸드피플,"66,350
(0.21)"
마이고기,(주)다온에프앤비,"66,250
(0.21)"
비빔가,(주)다온에프앤비,"66,250
(0.21)"
닥치고곱창,닥치고곱창,"66,050
(0.21)"
오과장대패&샐러드바,디앤디코리아,"66,000
(0.21)"
셰프의 국수앤육개장,(주)바인에프씨,"65,910
(0.21)"
족과의동침,가장맛있는족발족과의동침,"65,800
(0.21)"
삼시세끼,(주)청춘푸드,"65,690
(0.21)"
이용민의 유성닭발,와이(Y)플래닛프로젝트,"65,626
(0.21)"
우리동네 대통령,(주)오복이야기,"65,500
(0.21)"
쭈꾸미도사,쭈꾸미도사,"65,500
(0.21)"
장도뚝배기,지강에프앤비(주),"65,400
(0.21)"
흙에서,정인,"65,400
(0.21)"
바른사나이뚝배기,(주)사나이에프씨,"65,350
(0.21)"
밀가촌국수,밀가촌국수,"65,250
(0.21)"
정성육회,만남컴퍼니,"65,250
(0.21)"
최PD해물칼국수,최피디(PD)해물칼국수,"65,250
(0.21)"
굿맘할매순대국&양선지해장국,(주)인화티에프에스,"65,210
(0.21)"
미러유 조개칼국수,미러유에프앤디(주),"65,200
(0.21)"
돼지영농후계자,돼지영농후계자,"65,050
(0.21)"
뼈대있는국밥,할매손집밥,"64,950
(0.21)"
구백가(900家),구백가(900家),"64,950
(0.21)"
광안국밥,(주)정담에프엔씨,"64,950
(0.21)"
올더플레이트(ALL THE PLATE),에이치더블유푸드시스템,"64,900
(0.21)"
김태연 국민 동태탕∙찜,태연푸드(주),"64,900
(0.21)"
놀란돼지,(주)숲풀림식품,"64,700
(0.21)"
놀란곱창,(주)숲풀림식품,"64,700
(0.21)"
안경할머니곱창,에프앤씨매니지먼트,"64,700
(0.21)"
열선수애호박돼지국밥,(주)열선수푸드,"64,625
(0.21)"
감성족발,키친씨,"64,600
(0.21)"
靑해품당 수산식당,(주)대신물산,"64,590
(0.21)"
순희가(순희家),(유)순희네에프앤비,"64,500
(0.21)"
삼남면촌닭,SSF&C,"64,400
(0.21)"
러버덕,(주)제이푸드서비스,"64,400
(0.21)"
육회왕자연어공주,케이씨컴퍼니,"64,350
(0.21)"
철판위에빨간쭈꾸미,(주)마당쇠,"64,150
(0.21)"
마당쇠돼지갈비,(주)마당쇠,"64,150
(0.21)"
오지다,오지다,"64,050
(0.21)"
신's쭈꾸미(신스쭈꾸미),아이더준,"64,050
(0.21)"
육공판,(주)육공판에프앤디,"64,000
(0.21)"
마포껍데기,(주)숲풀림식품,"64,000
(0.21)"
꽃길따라한식비빔밥전문점,꽃길따라한식비빔밥전문점,"63,800
(0.21)"
일품낙성불백,(주)심플맨,"63,650
(0.21)"
정직유부,(주)채정,"63,640
(0.21)"
해까득,(주)제이오코리아월드,"63,610
(0.21)"
고봉김밥人,케이비엠,"63,600
(0.21)"
황진이순대국,(주)금표에프앤씨,"63,600
(0.21)"
스타곱스,(주)금표에프앤씨,"63,600
(0.21)"
해밍턴 부대찌개,(주)금표에프앤디,"63,600
(0.21)"
오돌불고,(주)금표에프앤디,"63,600
(0.21)"
우 샤랄라 돌곱창,(주)금표에프앤디,"63,600
(0.21)"
삶다 오로지 족발,(유)케이앤에스오로지,"63,600
(0.21)"
황제육회,(주)동해의한우,"63,500
(0.20)"
우리만 가고싶은 한우곱창,우리만가고싶은한우곱창,"63,250
(0.20)"
일품양평해장국,(주)우분트,"63,160
(0.20)"
맛깔참죽,(주)맛깔,"63,150
(0.20)"
얌샘김밥,(주)얌샘,"63,050
(0.20)"
만나고쪽갈비가,맛있는에프앤비(F&B),"63,050
(0.20)"
병만네닭갈비,병만네닭갈비,"63,050
(0.20)"
오풍미족발,오풍미(주),"63,050
(0.20)"
진성아구찜,진성,"63,030
(0.20)"
조옥당,토리고야패밀리(주),"63,000
(0.20)"
월국시,(주)모컴테크,"63,000
(0.20)"
구백냥 곱창,햇살푸드에프씨,"63,000
(0.20)"
꽃찬찜닭,플라워푸드,"62,950
(0.20)"
진이찬방,진이푸드(주),"62,900
(0.20)"
종로직화쭈꾸미,종로푸드시스템(주),"62,800
(0.20)"
쿡친,마시굿,"62,720
(0.20)"
육회본가,(주)본가에프앤비,"62,700
(0.20)"
태성춘골뱅이신사,(주)리더스코리아코퍼레이션,"62,550
(0.20)"
도리연닭도리탕,도리연닭도리탕,"62,500
(0.20)"
닭발먹은새우,(주)비에프푸드,"62,500
(0.20)"
종일가,종일F&B,"62,500
(0.20)"
보드레족,보드레족,"62,400
(0.20)"
토고리 옛날막창 소갈비살,(주)지에프코리아,"62,261
(0.20)"
모서리집,(주)해밀트레이딩,"61,740
(0.20)"
만식이네와인포차,와인컴퍼니,"61,650
(0.20)"
찜꽁찜닭,(주)엠브로컴퍼니,"61,600
(0.20)"
김치찌개밥한그릇뚝딱,백락촌,"61,500
(0.20)"
응곱 1978,태승에프앤씨,"61,400
(0.20)"
씅's 꼬기가득 비빔밥,태승에프앤씨,"61,400
(0.20)"
곱꾸아 한우곱창,태승에프앤씨,"61,400
(0.20)"
쭈꾸미집,영푸드,"61,400
(0.20)"
괸당집,(주)제주소나이,"61,360
(0.20)"
오마이찬,(주)로열푸드코리아,"61,300
(0.20)"
국민삼겹살,(주)쭈노에프앤비,"61,300
(0.20)"
153구포국수,(주)일오삼에프씨,"61,200
(0.20)"
별을 품은 곱창,(주)스타셀러,"61,063
(0.20)"
그믐족발,그믐족발,"61,050
(0.20)"
족도리,(주)미산푸드,"61,042
(0.20)"
효모로 만든 찬,(주)효모로,"60,850
(0.20)"
세꼬시공장,세공,"60,850
(0.20)"
배부장찌개,(주)맛있는에프앤비,"60,850
(0.20)"
냅다청양집,(주)신영국푸드,"60,700
(0.20)"
륭림닭발,륭림닭발,"60,500
(0.20)"
육앤샤,디티푸드,"60,500
(0.20)"
1인 한식당,할매손집밥,"60,450
(0.20)"
원플러스원 찌개&볶음,할매손집밥,"60,450
(0.20)"
나주할매 곰탕&뼈해장국,할매손집밥,"60,450
(0.20)"
을용이곱창,(주)제이오푸드,"60,400
(0.19)"
이불덮밥,㈜마루바우,"60,300
(0.19)"
청진동해장국,(주)씨제이디푸드시스템,"60,200
(0.19)"
불한당,정상FC,"60,140
(0.19)"
노리울,(주)푸른푸드,"60,110
(0.19)"
파촌(坡村) 돼지 특수∙부속 전문점,(주)육일컴퍼니,"60,000
(0.19)"
방가네소고기국밥수육,(주)미래원에프앤씨,"59,840
(0.19)"
나씨네 뒷고기,나건F&B,"59,675
(0.19)"
국밥쟁이,(주)국밥쟁이,"59,595
(0.19)"
소이득,(주)오색만찬,"59,500
(0.19)"
안국밥,올림엔터프라이즈(OLIMENTERPRISE),"59,500
(0.19)"
부대통령뚝배기,(주)부대통령,"59,400
(0.19)"
잭아저씨족발&보쌈,(주)두레에프앤비,"59,357
(0.19)"
고봉민김밥人,케이비엠,"59,345
(0.19)"
88콩나물국밥,(주)웰미가베스트푸드,"59,200
(0.19)"
곱창혁명,아키푸드,"59,200
(0.19)"
와우곱창,(주)와우에프앤에스,"59,200
(0.19)"
청춘껍데기,아특대,"59,100
(0.19)"
이동규인 왔따쪽갈비,(주)왔따네푸드,"59,100
(0.19)"
똥집이야기,똥집이야기,"59,000
(0.19)"
바로만든족발,㈜바로푸드,"58,900
(0.19)"
오술차,(주)오술차,"58,850
(0.19)"
곱분이 곱창,(주)웰푸드컴퍼니,"58,740
(0.19)"
막창로2가 항아리 곱창집,(주)지에프코리아,"58,450
(0.19)"
대민족,대민족,"58,300
(0.19)"
9라파 부대찌개,(주)9라파컴퍼니,"58,275
(0.19)"
냉면덕후,할매손집밥,"58,250
(0.19)"
다다미,수완다다미본점,"58,100
(0.19)"
찜닭의정석,(주)비어프랜드,"58,040
(0.19)"
찜피,이수푸드빌,"58,000
(0.19)"
서남왕족발,서남식품,"58,000
(0.19)"
황금알을품은벼슬찜닭,선한푸드(善韓),"57,980
(0.19)"
하회당,태평원(주),"57,890
(0.19)"
몬스터곱창,(주)바른푸드,"57,850
(0.19)"
구구족,(주)거북이꿈,"57,800
(0.19)"
곤드레찜드레,와이지유통,"57,750
(0.19)"
착한막창,착한막창,"57,750
(0.19)"
진지방,(주)리더스코리아코퍼레이션,"57,550
(0.19)"
사골먹은 감자탕,(주)비에프리테일,"57,550
(0.19)"
마당쇠껍데기와소금구이,(주)마당쇠,"57,220
(0.18)"
마시기통차,마시기통차,"57,200
(0.18)"
계경순대국,지강에프앤비(주),"57,150
(0.18)"
배씨상회,배씨상회,"57,100
(0.18)"
바보아재막창,바보아재막창,"57,100
(0.18)"
설동궁찜닭,설동궁컴퍼니,"57,000
(0.18)"
신가네정읍막창구이,농업회사법인유한회사신가네,"57,000
(0.18)"
밥장인돼지찌개,(주)밥장인,"56,900
(0.18)"
김쉐프의족家,(주)제니스에프앤비,"56,900
(0.18)"
1897삼학어묵,(주)제이푸드서비스,"56,700
(0.18)"
불맛공장,불맛공장,"56,650
(0.18)"
밥은화,양가에프앤비,"56,550
(0.18)"
철판요리포차판,(주)더블유엔씨,"56,550
(0.18)"
반칙왕식탁,더블제이푸드,"56,500
(0.18)"
갈비토대왕,㈜봉화산푸드,"56,350
(0.18)"
팔팔닭국수,(주)마이다스손컴퍼니,"55,900
(0.18)"
천사곱창,(주)식스텐비즈,"55,800
(0.18)"
박지우의 와우막창곱창,와우막창곱창,"55,800
(0.18)"
곤지암 한우 소머리국밥,(주)서민상회,"55,735
(0.18)"
서민국밥,(주)서민상회,"55,735
(0.18)"
한제소곱창전골,한제,"55,550
(0.18)"
생선지존,안흥유통,"55,550
(0.18)"
범천집목구이,토리고야패밀리(주),"55,525
(0.18)"
넙딱집,(주)감칠맛,"55,350
(0.18)"
토골술막 항아리 숯불 닭구이,(주)지에프코리아,"55,314
(0.18)"
집으로낙곱새,집으로낙곱새,"55,283
(0.18)"
미스터보쌈5379,(주)푸디아,"55,250
(0.18)"
낙지공장,㈜바로푸드,"55,200
(0.18)"
구백도,칠공공비어(주),"55,130
(0.18)"
제주생선구이 올래밥상,영어조합법인올래씨푸드,"55,050
(0.18)"
속초애명태간장조림,황금정원S,"54,940
(0.18)"
친정,(주)친정,"54,900
(0.18)"
본앤본,본앤본(주),"54,800
(0.18)"
삼청동멸치국수,(주)삼청동,"54,800
(0.18)"
배달삼겹 맛있으면돼지,배달삼겹 맛있으면돼지,"54,750
(0.18)"
육회먹은연어,(주)비에프푸드,"54,700
(0.18)"
육회말투아웃,(주)수에프씨,"54,625
(0.18)"
바보돼지두마리,TASTYPLATFORM(테이스티플랫폼),"54,580
(0.18)"
행복한 아구찜,행복한아구찜F&C&HOFOODF&C,"54,500
(0.18)"
황금바가지,황금바가지,"54,350
(0.18)"
정성신더큰도시락,(주)더큰,"54,250
(0.18)"
백군의고집,(주)레베카,"54,000
(0.17)"
장수본가해장국,(주)장수엔터프라이즈,"53,900
(0.17)"
돼지33,(주)위푸드마켓,"53,900
(0.17)"
황금오리,마쪼코마,"53,900
(0.17)"
믿고(meatgo),(주)믿고,"53,900
(0.17)"
똥찌비,똥찌비,"53,700
(0.17)"
새마을찜닭,이수푸드빌,"53,500
(0.17)"
별법 동태탕 왕해물찜,(주)씨에스에프씨,"53,350
(0.17)"
내담 대구탕 해물갈비찜,(주)씨에스에프씨,"53,350
(0.17)"
국수평천하,국수평천하,"53,050
(0.17)"
칼국수한마당,(주)한마당,"52,820
(0.17)"
날으는 영계찜닭,(주)더브로즈,"52,800
(0.17)"
찜닭은그집,그집푸드,"52,800
(0.17)"
그집곱닭도리탕,그집푸드,"52,800
(0.17)"
배사장,나무F&B,"52,740
(0.17)"
월령찜닭,앗싸푸드,"52,680
(0.17)"
윤남이할머니 경산집,푸드플러스코리아(주),"52,500
(0.17)"
조선닭볶음탕,(주)잭팟,"52,050
(0.17)"
모두뼈다귀감자탕,(주)엠디에프시파트너스,"52,030
(0.17)"
노걸대 WITH YOU 홈외식,위드유(WITHYOU)홈외식,"51,980
(0.17)"
야곱293,야곱293,"51,750
(0.17)"
닭발싸롱,맛있는이야기,"51,700
(0.17)"
제콩 제크와 콩나물불고기,모던푸드,"51,700
(0.17)"
여장군,(주)아람푸드,"51,532
(0.17)"
믹스쭈,(주)믹스쭈에프앤씨,"51,500
(0.17)"
전진만구구찜닭,(주)그루나무,"51,500
(0.17)"
전주옥,전주옥,"51,500
(0.17)"
에스지푸드( SG FOOD),에스지푸드,"51,500
(0.17)"
동란 소문난 찜닭,동란소문난찜닭본점,"51,480
(0.17)"
작렬곱창,작렬곱창,"51,480
(0.17)"
정아니의 여우밥상,(주)불여시팸,"51,400
(0.17)"
여시야 찜닭,(주)불여시팸,"51,400
(0.17)"
여시야 불타는닭발,(주)불여시팸,"51,400
(0.17)"
전통가마솥김치찜,식도락,"51,400
(0.17)"
불고기 가다다 불고기,(주)이조푸드,"51,400
(0.17)"
뜸들이다,(주)뜸들이다,"51,300
(0.17)"
족발이 땡기는 날,족발이땡기는날,"51,200
(0.17)"
마시온,마시온푸드,"51,200
(0.17)"
콩두,(주)더조은에프앤비,"51,200
(0.17)"
단골집,(주)세렌디피티,"51,200
(0.17)"
탐라생면,(주)빌든,"51,180
(0.17)"
국사랑,케이씨컴퍼니,"51,000
(0.16)"
찜닭의민족,(주)아이센스푸드,"50,900
(0.16)"
권사부 순대국,서가네순대국,"50,875
(0.16)"
형제닭발&오돌뼈,형제푸드,"50,670
(0.16)"
구이구이쪽갈비,(주)더맛푸드,"50,500
(0.16)"
동의명가 칼국수,(주)더블에스그룹,"50,400
(0.16)"
우리동네 대패집,삼원푸드,"50,300
(0.16)"
수니열닭발,수니열닭발,"50,120
(0.16)"
마시마니매운갈비찜,(주)피앤피아이앤씨,"50,120
(0.16)"
경복궁삼계탕,(주)하림유통,"50,100
(0.16)"
야식공장,(주)엔터글로벌코리아,"49,900
(0.16)"
장충동왕족발보쌈,(주)장충동왕족발,"49,700
(0.16)"
매일메로찜,매일메로,"49,520
(0.16)"
곱창광,(주)와이즈페이퍼,"49,500
(0.16)"
오봉도시락,(주)오색만찬,"49,500
(0.16)"
돼지치마집,치마집,"49,420
(0.16)"
와우족발,와우족발,"49,400
(0.16)"
지즐,(주)하나에프씨,"49,350
(0.16)"
곤지암할매소머리국밥,(주)동의보감농수산,"49,300
(0.16)"
정성88사골곰탕&육개장,도깨비Food(푸드),"49,300
(0.16)"
내가찜한갈비찜,도깨비Food(푸드,"49,300
(0.16)"
마왕찜닭도리,도깨비Food(푸드),"49,300
(0.16)"
냉면왕,도깨비Food(푸드),"49,300
(0.16)"
찜닭에 꽂힌 닭집애,형네가게,"49,300
(0.16)"
마약돼지김치찌개,도깨비Food(푸드),"49,300
(0.16)"
육회SEA,만호F&B,"49,200
(0.16)"
쪽쪽갈비,(주)청심,"49,090
(0.16)"
혼밥또시락,내가먹F&B,"49,000
(0.16)"
카츠윤,윤푸드,"48,895
(0.16)"
리라김밥,(주)펜톤,"48,760
(0.16)"
혼삼,혼삼,"48,500
(0.16)"
요달의 찜닭,(주)하랑푸드,"48,400
(0.16)"
대국,쉐프의연구소,"48,400
(0.16)"
인생대박집쪽갈비,쉐프의연구소,"48,400
(0.16)"
마에똥,마에똥,"48,400
(0.16)"
무한생쪽갈비찜,쉐프의연구소,"48,400
(0.16)"
뚱보아구찜&해물탕,쉐프의연구소,"48,400
(0.16)"
정성갈비찜도시락,이본홀딩스,"48,200
(0.16)"
탕쓱잘튀기는집,계산씨케이,"48,100
(0.16)"
쉐프돼지,쉐프돼지,"48,100
(0.16)"
마통삼(마스터통삼겹),지에이치컴퍼니,"48,090
(0.16)"
게매니아,게매니아호남지사,"47,780
(0.15)"
게매니아,게매니아,"47,780
(0.15)"
씨앤오푸드,씨앤오F&B,"47,520
(0.15)"
워너비박스,(주)피플앤푸드,"47,300
(0.15)"
김본냉면&만두,(주)단지에프앤비,"47,300
(0.15)"
국물두루치기,국두(K.Dcompany),"47,200
(0.15)"
막돼먹은막창,(주)엠디엠,"47,100
(0.15)"
쏘시지부대,(주)그루나무,"47,100
(0.15)"
정진관의일품정,일품정,"47,100
(0.15)"
두찜,(주)기영에프앤비,"47,000
(0.15)"
백채,(주)심플맨,"46,860
(0.15)"
강순자옛맛김치찌개,강푸드,"46,800
(0.15)"
빨간병아리,(주)빨간병아리푸드,"46,800
(0.15)"
다시오고싶은집이명숙양평해장국,조이식품,"46,750
(0.15)"
고기듬뿍대왕비빔밥,(주)더플러스,"46,750
(0.15)"
마왕족발,(주)콜라겐랩,"46,580
(0.15)"
직화삼겹 피그킹,직화삼겹피그킹,"46,520
(0.15)"
대한민국 고기집,(주)바른푸드,"46,350
(0.15)"
바른생갈비,(주)바른푸드,"46,350
(0.15)"
프로키친,프로키친,"46,330
(0.15)"
혼찜 혼을 담은 갈비찜,혼삼,"46,300
(0.15)"
JBD 종로빈대떡,종로빈대떡체인사업부,"46,100
(0.15)"
누들보쌈배달만족,(주)비케이컴퍼니,"45,680
(0.15)"
모박사부대찌개,모박사본점,"45,670
(0.15)"
미친돼지,(주)축제의나라,"45,350
(0.15)"
청연,청연,"45,100
(0.15)"
빤닭빤닭,빤닭빤닭,"44,900
(0.14)"
돼지게티,멀티웨이,"44,900
(0.14)"
독골김치찜,독골푸드,"44,900
(0.14)"
국산특허마늘곱창막창,국산특허마늘곱창막창,"44,790
(0.14)"
바른계념식당,(주)나도람에프씨,"44,730
(0.14)"
미스터닭찜,(주)푸디아,"44,470
(0.14)"
인생아구찜,인생아구찜,"44,350
(0.14)"
마선생마약국밥,올림엔터프라이즈(OLIMENTERPRISE),"44,000
(0.14)"
수유리찌개백반,씨앤오프렌차이즈(C&O프렌차이즈),"44,000
(0.14)"
킹스아구찜,킹스아구찜,"43,950
(0.14)"
두심스 독도해물알찜,두심스F&S,"43,800
(0.14)"
송주불냉면앤칼국수,(주)에스제이푸드시스템,"43,350
(0.14)"
배달삼겹 핑크돼지,원앤원(주),"43,341
(0.14)"
발빠닭,(주)어나더푸드컬쳐,"43,250
(0.14)"
맛없으면 환불해주는 장군집,(주)썩세스웨이,"43,071
(0.14)"
마음을 담은 김치찌개,(주)마음을담은,"43,000
(0.14)"
아곱닭스,지강에프앤비(주),"42,900
(0.14)"
본가집밥상,비에스에프엔씨,"42,900
(0.14)"
덮다,덮다,"42,700
(0.14)"
덕뽀리,씨에이치푸드,"42,600
(0.14)"
딜리버리쿡,(주)드림위드에프씨,"42,550
(0.14)"
배명 천수냉면,배달의명가,"42,465
(0.14)"
다샤브,다사라에프엔비(F&B),"42,400
(0.14)"
두뽂스,(주)나도람에프씨,"42,200
(0.14)"
해밭 김치찌개,(주)해밭식품,"42,150
(0.14)"
구찌부찌,(주)축제의나라,"42,050
(0.14)"
박주억 장수오리,㈜공존,"42,000
(0.14)"
불위에서노는닭,불위에서노는닭,"41,800
(0.13)"
보노보노웍,보노보노웍(내덕율량점),"41,600
(0.13)"
국민부대찌개,국민부대찌개,"41,600
(0.13)"
헬로통큰삼겹,나눔프랜차이즈,"41,500
(0.13)"
꽃돼지식당,딜리셔스피플,"41,493
(0.13)"
배가네 마약 쭈꾸미,㈜명진인터내셔널,"41,250
(0.13)"
나는 밥조폭이다,우수한형제들,"41,250
(0.13)"
듬박이찌개,(주)듬박이스트,"41,150
(0.13)"
더비빔,(주)이엔에프컴퍼니,"41,100
(0.13)"
서민족발,케이에스에이치(KSH)푸드,"41,050
(0.13)"
데일리갈비,해송에프앤에스,"40,920
(0.13)"
김진호 대왕족발,대왕보쌈식족발,"40,830
(0.13)"
인생덮밥,제이케이컴퍼니,"40,810
(0.13)"
첫번째필족사랑,거성푸드(주),"40,800
(0.13)"
두거리우신탕,두거리푸드,"40,645
(0.13)"
신사동고두목야식,(주)오리엔탈썬,"40,500
(0.13)"
홍초불닭발&막창,홍초불닭발(인천점),"40,290
(0.13)"
밥FULL,CooperativeF&C(쿠퍼레이티브에프앤씨),"40,150
(0.13)"
삼겹살 곱빼기 배달전문 고기한끼,(주)브이에스에프씨,"39,800
(0.13)"
바베큐덕삼이&화끈한닭발러,푸드플랫폼,"39,600
(0.13)"
냠냠족발앤보쌈,냠냠족발앤보쌈,"39,600
(0.13)"
푸드모바일,(주)노다웃에프앤비,"39,600
(0.13)"
찌개의 역사,㈜든든컴퍼니,"39,500
(0.13)"
배달짜글OH짜글,오에이치,"39,400
(0.13)"
젠틀포크,젠틀푸드,"39,400
(0.13)"
해운대제면소,해운대제면소(주),"39,400
(0.13)"
서민반찬,서민에프엔씨,"39,300
(0.13)"
맵도리탕,(주)푸드맵,"39,045
(0.13)"
영칼로리,(주)제이투케이에프앤비(J2KF&B),"38,850
(0.13)"
갈통삼,(주)드림위드에프씨,"38,750
(0.13)"
푸드센터(FOOD CENTER),올체인지파트너스,"38,750
(0.13)"
동양족발,㈜소부상회,"38,730
(0.12)"
한입,한입,"38,500
(0.12)"
김해시락국밥,(주)토장원,"38,500
(0.12)"
최프로의요리킹,(주)오색만찬,"38,500
(0.12)"
최프로배달삼겹,(주)오색만찬,"38,500
(0.12)"
행진푸드,행진푸드,"38,400
(0.12)"
지배온삼겹,지배온에프앤씨,"38,300
(0.12)"
밥도둑바른게장,(주)필드키친,"38,200
(0.12)"
776(칠칠육),칠칠육패밀리(776Family),"38,170
(0.12)"
돼지상륙작전,돼지상륙작전,"38,104
(0.12)"
장모님상다리,(주)동의보감농수산,"37,860
(0.12)"
샵인샵팩토리,(주)뉴월드퓨처,"37,850
(0.12)"
기운찬식탁,(주)더미자,"37,822
(0.12)"
소중한한끼담은사골순대국,(주)더원에프엔비,"37,610
(0.12)"
The 진한 나주곰탕 1인용,(주)비앤비몬스터푸드,"37,489
(0.12)"
호수꼬치,(주)호수코리아,"37,410
(0.12)"
사랑담은묵은지찜찌개,(주)사랑담은,"37,400
(0.12)"
곱깨비,곱깨비원,"37,400
(0.12)"
이츠닭,(주)동네사람들,"37,200
(0.12)"
꿀본가네 낙곱새,꿀가네낙곱새,"37,010
(0.12)"
짐바로찜닭,짐바로찜닭내외본점,"36,980
(0.12)"
갈비냉면,(주)비앤비몬스터푸드,"36,947
(0.12)"
불향가득연희동돼지불백,(주)비앤비몬스터푸드,"36,905
(0.12)"
볼빨간아구찜,에이치와이에프앤비(HYF&B),"36,650
(0.12)"
강찜찌,칠성발효묵은지,"36,550
(0.12)"
온리김치찌개(Only김치찌개),(주)비앤비몬스터푸드,"36,410
(0.12)"
한끼삼계탕,(주)두빛나래에프씨,"36,400
(0.12)"
소소린,소소린(주),"36,400
(0.12)"
한끼덮밥,(주)두빛나래에프씨,"36,400
(0.12)"
꼬기만땅 점보비빔밥,원딜리버리,"36,320
(0.12)"
배달삼겹직구삼,(주)모두여는세상,"36,300
(0.12)"
라이스투 미튜,(주)라투코리아,"36,300
(0.12)"
제주안방갈비,(주)그린아일랜드,"35,860
(0.12)"
오늘도찜닭&삼겹&파스타,에스알푸드,"35,750
(0.12)"
철든놈익스프레스(철든놈EXP),(주)아이언가이즈,"35,633
(0.11)"
두돈까스,(주)아이언가이즈,"35,633
(0.11)"
우겹다짐,(주)아이언미트,"35,633
(0.11)"
"챙길,밥",(주)아이언가이즈,"35,633
(0.11)"
수유리혼밥왕,(주)마스터아이디,"35,287
(0.11)"
청진동해장국,엘푸드,"35,200
(0.11)"
우된장,(주)값진,"35,200
(0.11)"
신단설렁탕,진대푸드,"35,200
(0.11)"
한식마을,푸드팩토리,"35,100
(0.11)"
오늘게장,(주)알제이,"35,100
(0.11)"
반마리가격에한마리반한찜닭,더나은F&B,"34,933
(0.11)"
호구비빔밥&김치찌개,제이제이푸드,"34,890
(0.11)"
홍구등갈비,성우,"34,720
(0.11)"
집밥e선생,집밥e선생,"34,500
(0.11)"
육회에빠지다,갈비탕명가우미락,"34,450
(0.11)"
집으로돼지,(주)메이에프앤에스,"34,350
(0.11)"
북성회관,북성회관,"34,150
(0.11)"
솔로부대찌개,백's코리아,"34,100
(0.11)"
최고남 직화짜글이,㈜모두여는세상,"34,100
(0.11)"
내만삼겹살,우리동네쉐프,"34,010
(0.11)"
본초맘죽,(주)미래원에프앤씨,"33,934
(0.11)"
놀부김치찜,(주)놀부,"33,557
(0.11)"
놀부오불장군,(주)놀부,"33,557
(0.11)"
삼겹본능,(주)놀부,"33,557
(0.11)"
창대한곱창,(주)놀부,"33,557
(0.11)"
청해신푸른바다찜탕,청.해.신,"33,400
(0.11)"
혼밥의 정석,일인홈푸드,"33,250
(0.11)"
홈인샤브&월남쌈 마이홈잇,엠케이푸드시스템(먹킷리스트),"33,150
(0.11)"
최배달바로보쌈,(주)최배달,"33,031
(0.11)"
아재 부산낙곱새,우성푸드,"33,000
(0.11)"
쿠이노족발,지오앤드림,"32,900
(0.11)"
매우당,매우당,"32,900
(0.11)"
호구의 족발보쌈,유니버셜에프엔씨(주),"32,833
(0.11)"
대부대왕유부초밥,디앤비푸드,"32,810
(0.11)"
모두의만족,㈜두빛,"32,700
(0.11)"
우굽는공간 꾸이점빵,태삼(꾸이점빵),"32,000
(0.10)"
박수근네온천골,온천골푸드,"32,000
(0.10)"
부야스곱창,(주)유앤아이컴즈,"31,669
(0.10)"
모던불닭,모던푸드,"31,600
(0.10)"
명가 가마솥국밥,명가,"31,600
(0.10)"
아수라불닭발,아수라불닭발,"31,400
(0.10)"
삼초전 삼겹살 초벌전문점,삼초전,"31,350
(0.10)"
정성을다한갈비찜,정성을다한갈비찜,"31,250
(0.10)"
조림철통닭갈비,박태규의철통닭갈비본점,"31,200
(0.10)"
홈쿡,(주)엠케이우성,"30,800
(0.10)"
화평동왕냉면,해피브릿지협동조합,"30,729
(0.10)"
땅스부대찌개,(주)티에스푸드,"30,600
(0.10)"
한식양성소,한식양성소,"30,600
(0.10)"
수준이다른닭발과곱창,라온우리협동조합,"30,500
(0.10)"
오덕후,(주)피디에스컴퍼니,"30,480
(0.10)"
고기이불볶음밥,단F&B,"30,217
(0.10)"
국밥여행,(주)팀스카이,"30,150
(0.10)"
비빔밥 냉면을 부탁해,(주)제이투케이에프앤비,"30,115
(0.10)"
밥도둑 한끼뚝딱,(주)박앤박,"30,050
(0.10)"
쭈블링,(주)박앤박,"30,050
(0.10)"
청년곱창,(주)청년에프앤비,"29,845
(0.10)"
혼바비언,(주)두꺼비에프앤비,"29,750
(0.10)"
통큰두마리찜닭,통큰푸드,"29,654
(0.10)"
존가네,씨지에프(주),"29,620
(0.10)"
덮덮밥,씨지에프(주),"29,620
(0.10)"
통달배,(주)톰앤드,"29,128
(0.09)"
더떠블,(주)비어,"29,128
(0.09)"
오래오래장충동왕족발보쌈,(주)미도식품,"28,800
(0.09)"
옥이네김치찌개와직화삼겹,(주)엔티,"28,740
(0.09)"
배명 인사동칼국수,배달의명가,"28,672
(0.09)"
동네아저씨전,영맨푸드,"28,600
(0.09)"
배명 이태원찌개마을,배달의명가,"28,527
(0.09)"
신촌설렁탕,(주)신촌푸드,"28,500
(0.09)"
어죽이네철렵국,어죽이네철렵국,"28,500
(0.09)"
아지야가꿉으께,아지야가꿉으께,"28,400
(0.09)"
구삼짜글이,(주)푸드법인수앤리,"28,100
(0.09)"
뿔발,농업회사법인(주)을과함께,"28,050
(0.09)"
은행먹은 명가보쌈,(주)포레스트에프앤디,"27,500
(0.09)"
야무진냄비,야무진냄비,"27,500
(0.09)"
시래정각,시래푸드식품,"27,500
(0.09)"
희귀한족발,(주)포레스트에프앤디,"27,500
(0.09)"
맘스토어,대성팜에프앤엘(주),"27,500
(0.09)"
전골마켓,착한맘굿쉐프,"27,200
(0.09)"
난다곱창,(주)난다푸드,"26,860
(0.09)"
따띠삼겹,따띠(주),"26,850
(0.09)"
삼겹구이,(주)미래에프씨,"26,680
(0.09)"
계릴라도리탕,(주)피와이피에프앤비,"26,400
(0.09)"
맛있는찜닭 맛찜,맛있는찜닭(맛찜),"26,300
(0.08)"
알찜의정석,현스푸드,"26,300
(0.08)"
시골통돼지볶음,코아FS,"26,292
(0.08)"
성윤 국가대표 아구찜 앤 알곤이찜,국가대표윤푸드,"26,200
(0.08)"
순수한돼지,순수한돼지,"26,200
(0.08)"
영춘찜닭,영춘찜닭,"25,900
(0.08)"
정담은알탕,정담는,"25,850
(0.08)"
육각수냉면,육각수냉면중리점,"25,850
(0.08)"
유담떡갈비,유담식품,"25,484
(0.08)"
진가네 간장게장&양념게장,우리동네쉐프,"24,750
(0.08)"
배달삼겹 돼지되지,정담유통(주),"24,500
(0.08)"
청년컵밥,(주)청년에프앤비,"24,100
(0.08)"
수유땡초닭발,땡초닭발,"23,660
(0.08)"
아부찌부대찌개,아부찌,"23,650
(0.08)"
소문난밥상,(주)에스비에프앤비,"23,210
(0.07)"
죽이요,다은푸드,"23,200
(0.07)"
두근돼지김치찜,두근돼지,"23,100
(0.07)"
한끼명가,브라더F&H,"23,000
(0.07)"
털보고된이,(주)민도비,"23,000
(0.07)"
코봉이 해물찜,코봉이해물찜,"22,550
(0.07)"
빅몬스터 부대찌개,온다(ONDA),"22,550
(0.07)"
브라더직화배달삼겹,브라더푸드,"22,000
(0.07)"
미소그릴,예령산업,"22,000
(0.07)"
삼삼정육점,호세야(주),"22,000
(0.07)"
치킨을사랑한떡볶이,(주)더온에프에스,"21,800
(0.07)"
박군자진주냉면,(주)진주교방,"21,500
(0.07)"
입큰아구알곤이찜,더현푸드시스템,"21,450
(0.07)"
아재불닭발,㈜에스코퍼레이션,"21,130
(0.07)"
명랑부대찌개,명랑식품,"20,900
(0.07)"
맛있는탕탕탕,태성푸드,"20,900
(0.07)"
뚱뚱이할머니족발보쌈,(주)미도식품,"20,680
(0.07)"
제주까망돼지,제이엠미트,"20,400
(0.07)"
육남매,㈜바로푸드,"20,400
(0.07)"
어사또,어판왕어업회사법인(주),"20,350
(0.07)"
장충미도왕족발보쌈,(주)미도식품,"20,300
(0.07)"
감동까스,푸드딜라이트,"20,050
(0.06)"
순리한식당,순리푸드,"19,910
(0.06)"
행복한찜닭,행복한가족(주),"19,910
(0.06)"
킹부대찌개테이크아웃,킹부대찌개테이크아웃본점,"19,800
(0.06)"
쌀눈쌀 현미누룽지,(주)엄마,"19,700
(0.06)"
오븐에 빠진 막창,오빠막창,"18,720
(0.06)"
배달왔소,(주)비알비에프앤비,"18,700
(0.06)"
배달왔소,(주)비알비에프앤비,"18,700
(0.06)"
흥주선비국밥,흥주푸드,"17,600
(0.06)"
해선정해물찜,해선정해물찜,"17,450
(0.06)"
제육참잘하는집,아침의부엌,"17,400
(0.06)"
낙곱새대가,아침의부엌,"17,400
(0.06)"
그집닭갈비,아침의부엌,"17,400
(0.06)"
전주한옥찜닭,전주한옥찜닭프랜차이즈가맹본부,"16,950
(0.05)"
장터순대국감자탕,하율푸드(주),"16,850
(0.05)"
김충기꽃삼겹,로드다이닝(주),"16,740
(0.05)"
사천찜닭,로드다이닝(주),"16,520
(0.05)"
왔쏘,(주)다드림에프앤비,"16,500
(0.05)"
인생극장,(주)에이치티코리아,"16,400
(0.05)"
동태랑,(주)음식의전당,"16,000
(0.05)"
밥도둑이야게장n김치찌개,오늘의Recipe,"15,706
(0.05)"
목포집게장순살비빔밥,오늘의Recipe,"15,706
(0.05)"
내파부대찌개,오늘의Recipe,"15,706
(0.05)"
한식의민족,오늘의Recipe,"15,706
(0.05)"
배명 원조얼큰샤브샤브,배달의명가,"15,257
(0.05)"
반했닭,국제에프앤비(F&B),"15,250
(0.05)"
뚱쓰부대찌개,더원(Theone),"15,200
(0.05)"
물고기반찬by생선구이,안녕집밥,"15,180
(0.05)"
덮밥90도씨,발산삼계탕,"15,080
(0.05)"
뚝배기양평해장국,(주)뉴서진식품,"14,900
(0.05)"
세겹뚱이,세겹뚱이앤치맵떡,"14,850
(0.05)"
청년찌개,청년찌개,"14,800
(0.05)"
한끼국밥,(주)인화에프엔비,"14,430
(0.05)"
쌈의정석,우버금,"14,200
(0.05)"
오태호 팔공산돌곱창,팔공산소돌곱창,"13,750
(0.04)"
이공족발,이공족발,"13,000
(0.04)"
약초마을,약초마을YCM,"13,000
(0.04)"
교반,교반본점,"12,900
(0.04)"
두루두루 푸드,두루두루푸드,"12,313
(0.04)"
춘향골남원추어탕,(주)춘향골,"12,000
(0.04)"
싸가지고가게,이솔푸드,"11,900
(0.04)"
꿀육회,제이커머스,"11,670
(0.04)"
만원육회,징어랑,"11,670
(0.04)"
불량꽃게,밀포유,"11,450
(0.04)"
소보양본가,소보양본가,"11,365
(0.04)"
장원서닭한마리,(주)에스이엔에프씨,"11,000
(0.04)"
직화삼겹통,직화삼겹통,"10,800
(0.03)"
본가낙곱새,본가푸드,"10,800
(0.03)"
족발신선생,신솔푸드,"10,800
(0.03)"
괭이부리마을,신솔푸드,"10,800
(0.03)"
약콩밀면,약콩세가,"10,800
(0.03)"
롱쓰부대찌개,위고푸드,"10,780
(0.03)"
도니스바베큐,도니스(주),"10,350
(0.03)"
진골김치찜,쓰리알컴퍼니(3RCOMPANY),"9,250
(0.03)"
香1980국밥집,(주)용감한남자들,"9,000
(0.03)"
밥통령,(주)미식주,"8,800
(0.03)"
식껍,미인푸드,"8,600
(0.03)"
고여금 감자탕,제이에스푸드스토리,"8,600
(0.03)"
논보달,(주)장충동왕족발,"8,500
(0.03)"
전골의법칙,(주)이노에프앤에스,"8,500
(0.03)"
한나네부엌,(주)리조이스,"8,500
(0.03)"
진진 닭발&곱창,진진&몬스터,"7,500
(0.02)"
불타는 형제들,불타는형제들,"7,300
(0.02)"
오지게먹게,우수한형제들,"6,930
(0.02)"
한끼한죽,우수한형제들,"6,710
(0.02)"
하늘소불고기,(주)재밌는친구들,"6,500
(0.02)"
닭밥,패밀리에프엔씨,"6,500
(0.02)"
두둠치밥,미르fnc,"6,500
(0.02)"
에그폭탄덮밥,(주)산들그린,"5,500
(0.02)"
등뼈연구소,밀포유,"5,400
(0.02)"
싸다구족발&보쌈,일당백푸드,"5,400
(0.02)"
통뼈감자탕,(주)명가,"5,300
(0.02)"
그집게장정식,(주)태백푸드,"4,950
(0.02)"
더진한 옹기전 돼지국밥,레인보우FC,"4,452
(0.01)"
한판곱창,한판곱창,"4,190
(0.01)"
감성낙곱새,(주)에이치엔푸드,"3,300
(0.01)"
단지 김치찜&김치찌개,(주)미래원에프앤씨,"3,300
(0.01)"
서초동찜갈비7059,서초동찜갈비교대점,"2,200
(0.01)"
도리삼도리,(주)이노에프앤에스,"2,200
(0.01)"
눈꽃육회,갓참치,"1,650
(0.01)"
앵두그리고찜닭,(주)제이스21,"1,100
(0.00)"
곱창플렉스,(주)푸드박스,"995
(0.00)"
정가네 곱창떡볶이,(주)홍리에프앤씨,"880
(0.00)"
오빠부대,원에프씨(주),"700
(0.00)"
한산주사골순댓국,한산주(주),"700
(0.00)"
이동진꼬끼오닭개장,(주)이동진꼬끼오닭개장,"250
(0.00)"
바비든든,(주)올리브홀딩스,"0
(0.00)"
불밤매운오징어볶음,(주)푸드박스,"0
(0.00)"
도리홀릭,(주)제이알디,"0
(0.00)"
쟁반집8292,(주)에스에이치푸드랩,"0
(0.00)"
대만족,(주)대만족,"0
(0.00)"
찜빠,(주)제이알디,"0
(0.00)"
